{"imageData":[{"coords":[0,0],"importance":255},{"coords":[0,1],"importance":255},{"coords":[0,2],"importance":255},{"coords":[0,3],"importance":255},{"coords":[0,4],"importance":255},{"coords":[0,5],"importance":255},{"coords":[0,6],"importance":255},{"coords":[0,7],"importance":256},{"coords":[0,8],"importance":255},{"coords":[0,9],"importance":255},{"coords":[0,10],"importance":255},{"coords":[0,11],"importance":255},{"coords":[0,12],"importance":256},{"coords":[0,13],"importance":255},{"coords":[0,14],"importance":255},{"coords":[0,15],"importance":255},{"coords":[0,16],"importance":255},{"coords":[0,17],"importance":255},{"coords":[0,18],"importance":255},{"coords":[0,19],"importance":255},{"coords":[0,20],"importance":255},{"coords":[0,21],"importance":255},{"coords":[0,22],"importance":256},{"coords":[0,23],"importance":255},{"coords":[0,24],"importance":255},{"coords":[0,25],"importance":255},{"coords":[0,26],"importance":255},{"coords":[0,27],"importance":255},{"coords":[0,28],"importance":255},{"coords":[0,29],"importance":255},{"coords":[0,30],"importance":255},{"coords":[0,31],"importance":255},{"coords":[0,32],"importance":255},{"coords":[1,0],"importance":255},{"coords":[1,1],"importance":255},{"coords":[1,2],"importance":255},{"coords":[1,3],"importance":255},{"coords":[1,4],"importance":255},{"coords":[1,5],"importance":255},{"coords":[1,6],"importance":255},{"coords":[1,7],"importance":255},{"coords":[1,8],"importance":255},{"coords":[1,9],"importance":255},{"coords":[1,10],"importance":255},{"coords":[1,11],"importance":255},{"coords":[1,12],"importance":255},{"coords":[1,13],"importance":255},{"coords":[1,14],"importance":255},{"coords":[1,15],"importance":255},{"coords":[1,16],"importance":255},{"coords":[1,17],"importance":255},{"coords":[1,18],"importance":255},{"coords":[1,19],"importance":255},{"coords":[1,20],"importance":255},{"coords":[1,21],"importance":255},{"coords":[1,22],"importance":255},{"coords":[1,23],"importance":255},{"coords":[1,24],"importance":255},{"coords":[1,25],"importance":255},{"coords":[1,26],"importance":255},{"coords":[1,27],"importance":255},{"coords":[1,28],"importance":255},{"coords":[1,29],"importance":255},{"coords":[1,30],"importance":255},{"coords":[1,31],"importance":255},{"coords":[1,32],"importance":255},{"coords":[2,0],"importance":255},{"coords":[2,1],"importance":255},{"coords":[2,2],"importance":257},{"coords":[2,3],"importance":257},{"coords":[2,4],"importance":257},{"coords":[2,5],"importance":257},{"coords":[2,6],"importance":257},{"coords":[2,7],"importance":257},{"coords":[2,8],"importance":257},{"coords":[2,9],"importance":255},{"coords":[2,10],"importance":255},{"coords":[2,11],"importance":255},{"coords":[2,12],"importance":255},{"coords":[2,13],"importance":255},{"coords":[2,14],"importance":255},{"coords":[2,15],"importance":255},{"coords":[2,16],"importance":255},{"coords":[2,17],"importance":255},{"coords":[2,18],"importance":255},{"coords":[2,19],"importance":255},{"coords":[2,20],"importance":255},{"coords":[2,21],"importance":255},{"coords":[2,22],"importance":255},{"coords":[2,23],"importance":255},{"coords":[2,24],"importance":257},{"coords":[2,25],"importance":257},{"coords":[2,26],"importance":257},{"coords":[2,27],"importance":257},{"coords":[2,28],"importance":257},{"coords":[2,29],"importance":257},{"coords":[2,30],"importance":257},{"coords":[2,31],"importance":255},{"coords":[2,32],"importance":255},{"coords":[3,0],"importance":255},{"coords":[3,1],"importance":255},{"coords":[3,2],"importance":257},{"coords":[3,3],"importance":257},{"coords":[3,4],"importance":257},{"coords":[3,5],"importance":257},{"coords":[3,6],"importance":257},{"coords":[3,7],"importance":257},{"coords":[3,8],"importance":257},{"coords":[3,9],"importance":255},{"coords":[3,10],"importance":255},{"coords":[3,11],"importance":255},{"coords":[3,12],"importance":255},{"coords":[3,13],"importance":255},{"coords":[3,14],"importance":255},{"coords":[3,15],"importance":255},{"coords":[3,16],"importance":255},{"coords":[3,17],"importance":255},{"coords":[3,18],"importance":255},{"coords":[3,19],"importance":255},{"coords":[3,20],"importance":255},{"coords":[3,21],"importance":255},{"coords":[3,22],"importance":255},{"coords":[3,23],"importance":255},{"coords":[3,24],"importance":257},{"coords":[3,25],"importance":257},{"coords":[3,26],"importance":257},{"coords":[3,27],"importance":257},{"coords":[3,28],"importance":257},{"coords":[3,29],"importance":257},{"coords":[3,30],"importance":257},{"coords":[3,31],"importance":255},{"coords":[3,32],"importance":255},{"coords":[4,0],"importance":255},{"coords":[4,1],"importance":255},{"coords":[4,2],"importance":257},{"coords":[4,3],"importance":257},{"coords":[4,4],"importance":257},{"coords":[4,5],"importance":257},{"coords":[4,6],"importance":257},{"coords":[4,7],"importance":257},{"coords":[4,8],"importance":257},{"coords":[4,9],"importance":255},{"coords":[4,10],"importance":255},{"coords":[4,11],"importance":255},{"coords":[4,12],"importance":255},{"coords":[4,13],"importance":255},{"coords":[4,14],"importance":255},{"coords":[4,15],"importance":255},{"coords":[4,16],"importance":255},{"coords":[4,17],"importance":255},{"coords":[4,18],"importance":255},{"coords":[4,19],"importance":255},{"coords":[4,20],"importance":255},{"coords":[4,21],"importance":255},{"coords":[4,22],"importance":255},{"coords":[4,23],"importance":255},{"coords":[4,24],"importance":257},{"coords":[4,25],"importance":257},{"coords":[4,26],"importance":257},{"coords":[4,27],"importance":257},{"coords":[4,28],"importance":257},{"coords":[4,29],"importance":257},{"coords":[4,30],"importance":257},{"coords":[4,31],"importance":255},{"coords":[4,32],"importance":255},{"coords":[5,0],"importance":255},{"coords":[5,1],"importance":255},{"coords":[5,2],"importance":257},{"coords":[5,3],"importance":257},{"coords":[5,4],"importance":257},{"coords":[5,5],"importance":257},{"coords":[5,6],"importance":257},{"coords":[5,7],"importance":257},{"coords":[5,8],"importance":257},{"coords":[5,9],"importance":255},{"coords":[5,10],"importance":255},{"coords":[5,11],"importance":255},{"coords":[5,12],"importance":255},{"coords":[5,13],"importance":255},{"coords":[5,14],"importance":255},{"coords":[5,15],"importance":255},{"coords":[5,16],"importance":255},{"coords":[5,17],"importance":255},{"coords":[5,18],"importance":255},{"coords":[5,19],"importance":255},{"coords":[5,20],"importance":255},{"coords":[5,21],"importance":255},{"coords":[5,22],"importance":255},{"coords":[5,23],"importance":255},{"coords":[5,24],"importance":257},{"coords":[5,25],"importance":257},{"coords":[5,26],"importance":257},{"coords":[5,27],"importance":257},{"coords":[5,28],"importance":257},{"coords":[5,29],"importance":257},{"coords":[5,30],"importance":257},{"coords":[5,31],"importance":255},{"coords":[5,32],"importance":255},{"coords":[6,0],"importance":255},{"coords":[6,1],"importance":255},{"coords":[6,2],"importance":257},{"coords":[6,3],"importance":257},{"coords":[6,4],"importance":257},{"coords":[6,5],"importance":257},{"coords":[6,6],"importance":257},{"coords":[6,7],"importance":257},{"coords":[6,8],"importance":257},{"coords":[6,9],"importance":255},{"coords":[6,10],"importance":255},{"coords":[6,11],"importance":255},{"coords":[6,12],"importance":255},{"coords":[6,13],"importance":255},{"coords":[6,14],"importance":255},{"coords":[6,15],"importance":255},{"coords":[6,16],"importance":255},{"coords":[6,17],"importance":255},{"coords":[6,18],"importance":255},{"coords":[6,19],"importance":255},{"coords":[6,20],"importance":255},{"coords":[6,21],"importance":255},{"coords":[6,22],"importance":255},{"coords":[6,23],"importance":255},{"coords":[6,24],"importance":257},{"coords":[6,25],"importance":257},{"coords":[6,26],"importance":257},{"coords":[6,27],"importance":257},{"coords":[6,28],"importance":257},{"coords":[6,29],"importance":257},{"coords":[6,30],"importance":257},{"coords":[6,31],"importance":255},{"coords":[6,32],"importance":255},{"coords":[7,0],"importance":255},{"coords":[7,1],"importance":255},{"coords":[7,2],"importance":257},{"coords":[7,3],"importance":257},{"coords":[7,4],"importance":257},{"coords":[7,5],"importance":257},{"coords":[7,6],"importance":257},{"coords":[7,7],"importance":257},{"coords":[7,8],"importance":257},{"coords":[7,9],"importance":255},{"coords":[7,10],"importance":255},{"coords":[7,11],"importance":255},{"coords":[7,12],"importance":255},{"coords":[7,13],"importance":255},{"coords":[7,14],"importance":255},{"coords":[7,15],"importance":255},{"coords":[7,16],"importance":255},{"coords":[7,17],"importance":255},{"coords":[7,18],"importance":255},{"coords":[7,19],"importance":255},{"coords":[7,20],"importance":255},{"coords":[7,21],"importance":255},{"coords":[7,22],"importance":255},{"coords":[7,23],"importance":255},{"coords":[7,24],"importance":257},{"coords":[7,25],"importance":257},{"coords":[7,26],"importance":257},{"coords":[7,27],"importance":257},{"coords":[7,28],"importance":257},{"coords":[7,29],"importance":257},{"coords":[7,30],"importance":257},{"coords":[7,31],"importance":255},{"coords":[7,32],"importance":255},{"coords":[8,0],"importance":255},{"coords":[8,1],"importance":255},{"coords":[8,2],"importance":257},{"coords":[8,3],"importance":257},{"coords":[8,4],"importance":257},{"coords":[8,5],"importance":257},{"coords":[8,6],"importance":257},{"coords":[8,7],"importance":257},{"coords":[8,8],"importance":257},{"coords":[8,9],"importance":255},{"coords":[8,10],"importance":255},{"coords":[8,11],"importance":255},{"coords":[8,12],"importance":255},{"coords":[8,13],"importance":255},{"coords":[8,14],"importance":255},{"coords":[8,15],"importance":255},{"coords":[8,16],"importance":255},{"coords":[8,17],"importance":255},{"coords":[8,18],"importance":255},{"coords":[8,19],"importance":255},{"coords":[8,20],"importance":255},{"coords":[8,21],"importance":255},{"coords":[8,22],"importance":255},{"coords":[8,23],"importance":255},{"coords":[8,24],"importance":257},{"coords":[8,25],"importance":257},{"coords":[8,26],"importance":257},{"coords":[8,27],"importance":257},{"coords":[8,28],"importance":257},{"coords":[8,29],"importance":257},{"coords":[8,30],"importance":257},{"coords":[8,31],"importance":255},{"coords":[8,32],"importance":255},{"coords":[9,0],"importance":255},{"coords":[9,1],"importance":255},{"coords":[9,2],"importance":255},{"coords":[9,3],"importance":255},{"coords":[9,4],"importance":255},{"coords":[9,5],"importance":255},{"coords":[9,6],"importance":255},{"coords":[9,7],"importance":255},{"coords":[9,8],"importance":255},{"coords":[9,9],"importance":255},{"coords":[9,10],"importance":255},{"coords":[9,11],"importance":255},{"coords":[9,12],"importance":255},{"coords":[9,13],"importance":255},{"coords":[9,14],"importance":255},{"coords":[9,15],"importance":255},{"coords":[9,16],"importance":255},{"coords":[9,17],"importance":255},{"coords":[9,18],"importance":255},{"coords":[9,19],"importance":303},{"coords":[9,20],"importance":255},{"coords":[9,21],"importance":255},{"coords":[9,22],"importance":255},{"coords":[9,23],"importance":255},{"coords":[9,24],"importance":255},{"coords":[9,25],"importance":255},{"coords":[9,26],"importance":255},{"coords":[9,27],"importance":255},{"coords":[9,28],"importance":255},{"coords":[9,29],"importance":255},{"coords":[9,30],"importance":255},{"coords":[9,31],"importance":255},{"coords":[9,32],"importance":302},{"coords":[10,0],"importance":301},{"coords":[10,1],"importance":255},{"coords":[10,2],"importance":300},{"coords":[10,3],"importance":299},{"coords":[10,4],"importance":298},{"coords":[10,5],"importance":297},{"coords":[10,6],"importance":255},{"coords":[10,7],"importance":296},{"coords":[10,8],"importance":295},{"coords":[10,9],"importance":255},{"coords":[10,10],"importance":255},{"coords":[10,11],"importance":294},{"coords":[10,12],"importance":255},{"coords":[10,13],"importance":293},{"coords":[10,14],"importance":255},{"coords":[10,15],"importance":255},{"coords":[10,16],"importance":292},{"coords":[10,17],"importance":255},{"coords":[10,18],"importance":255},{"coords":[10,19],"importance":291},{"coords":[10,20],"importance":290},{"coords":[10,21],"importance":255},{"coords":[10,22],"importance":255},{"coords":[10,23],"importance":289},{"coords":[10,24],"importance":255},{"coords":[10,25],"importance":288},{"coords":[10,26],"importance":287},{"coords":[10,27],"importance":255},{"coords":[10,28],"importance":255},{"coords":[10,29],"importance":286},{"coords":[10,30],"importance":285},{"coords":[10,31],"importance":255},{"coords":[10,32],"importance":284},{"coords":[11,0],"importance":283},{"coords":[11,1],"importance":255},{"coords":[11,2],"importance":255},{"coords":[11,3],"importance":255},{"coords":[11,4],"importance":282},{"coords":[11,5],"importance":281},{"coords":[11,6],"importance":280},{"coords":[11,7],"importance":279},{"coords":[11,8],"importance":255},{"coords":[11,9],"importance":255},{"coords":[11,10],"importance":255},{"coords":[11,11],"importance":255},{"coords":[11,12],"importance":278},{"coords":[11,13],"importance":277},{"coords":[11,14],"importance":255},{"coords":[11,15],"importance":276},{"coords":[11,16],"importance":275},{"coords":[11,17],"importance":255},{"coords":[11,18],"importance":255},{"coords":[11,19],"importance":255},{"coords":[11,20],"importance":255},{"coords":[11,21],"importance":274},{"coords":[11,22],"importance":273},{"coords":[11,23],"importance":255},{"coords":[11,24],"importance":255},{"coords":[11,25],"importance":272},{"coords":[11,26],"importance":271},{"coords":[11,27],"importance":270},{"coords":[11,28],"importance":269},{"coords":[11,29],"importance":255},{"coords":[11,30],"importance":255},{"coords":[11,31],"importance":255},{"coords":[11,32],"importance":268},{"coords":[12,0],"importance":267},{"coords":[12,1],"importance":255},{"coords":[12,2],"importance":255},{"coords":[12,3],"importance":255},{"coords":[12,4],"importance":255},{"coords":[12,5],"importance":266},{"coords":[12,6],"importance":265},{"coords":[12,7],"importance":264},{"coords":[12,8],"importance":263},{"coords":[12,9],"importance":262},{"coords":[12,10],"importance":261},{"coords":[12,11],"importance":255},{"coords":[12,12],"importance":260},{"coords":[12,13],"importance":255},{"coords":[12,14],"importance":255},{"coords":[12,15],"importance":259},{"coords":[12,16],"importance":256},{"coords":[12,17],"importance":255},{"coords":[12,18],"importance":258},{"coords":[12,19],"importance":255},{"coords":[12,20],"importance":255},{"coords":[12,21],"importance":255},{"coords":[12,22],"importance":257},{"coords":[12,23],"importance":255},{"coords":[12,24],"importance":263},{"coords":[12,25],"importance":262},{"coords":[12,26],"importance":261},{"coords":[12,27],"importance":255},{"coords":[12,28],"importance":255},{"coords":[12,29],"importance":255},{"coords":[12,30],"importance":255},{"coords":[12,31],"importance":255},{"coords":[12,32],"importance":260},{"coords":[13,0],"importance":259},{"coords":[13,1],"importance":255},{"coords":[13,2],"importance":255},{"coords":[13,3],"importance":258},{"coords":[13,4],"importance":255},{"coords":[13,5],"importance":255},{"coords":[13,6],"importance":255},{"coords":[13,7],"importance":255},{"coords":[13,8],"importance":255},{"coords":[13,9],"importance":257},{"coords":[13,10],"importance":255},{"coords":[13,11],"importance":255},{"coords":[13,12],"importance":255},{"coords":[13,13],"importance":255},{"coords":[13,14],"importance":255},{"coords":[13,15],"importance":255},{"coords":[13,16],"importance":256},{"coords":[13,17],"importance":256},{"coords":[13,18],"importance":255},{"coords":[13,19],"importance":255},{"coords":[13,20],"importance":255},{"coords":[13,21],"importance":255},{"coords":[13,22],"importance":271},{"coords":[13,23],"importance":255},{"coords":[13,24],"importance":270},{"coords":[13,25],"importance":269},{"coords":[13,26],"importance":255},{"coords":[13,27],"importance":255},{"coords":[13,28],"importance":268},{"coords":[13,29],"importance":267},{"coords":[13,30],"importance":255},{"coords":[13,31],"importance":255},{"coords":[13,32],"importance":255},{"coords":[14,0],"importance":255},{"coords":[14,1],"importance":255},{"coords":[14,2],"importance":255},{"coords":[14,3],"importance":266},{"coords":[14,4],"importance":265},{"coords":[14,5],"importance":264},{"coords":[14,6],"importance":263},{"coords":[14,7],"importance":255},{"coords":[14,8],"importance":262},{"coords":[14,9],"importance":255},{"coords":[14,10],"importance":261},{"coords":[14,11],"importance":255},{"coords":[14,12],"importance":255},{"coords":[14,13],"importance":260},{"coords":[14,14],"importance":255},{"coords":[14,15],"importance":259},{"coords":[14,16],"importance":258},{"coords":[14,17],"importance":255},{"coords":[14,18],"importance":257},{"coords":[14,19],"importance":255},{"coords":[14,20],"importance":255},{"coords":[14,21],"importance":256},{"coords":[14,22],"importance":255},{"coords":[14,23],"importance":254},{"coords":[14,24],"importance":255},{"coords":[14,25],"importance":255},{"coords":[14,26],"importance":255},{"coords":[14,27],"importance":253},{"coords":[14,28],"importance":255},{"coords":[14,29],"importance":255},{"coords":[14,30],"importance":255},{"coords":[14,31],"importance":255},{"coords":[14,32],"importance":255},{"coords":[15,0],"importance":255},{"coords":[15,1],"importance":255},{"coords":[15,2],"importance":255},{"coords":[15,3],"importance":255},{"coords":[15,4],"importance":255},{"coords":[15,5],"importance":255},{"coords":[15,6],"importance":255},{"coords":[15,7],"importance":255},{"coords":[15,8],"importance":255},{"coords":[15,9],"importance":255},{"coords":[15,10],"importance":255},{"coords":[15,11],"importance":255},{"coords":[15,12],"importance":255},{"coords":[15,13],"importance":255},{"coords":[15,14],"importance":255},{"coords":[15,15],"importance":255},{"coords":[15,16],"importance":255},{"coords":[15,17],"importance":255},{"coords":[15,18],"importance":255},{"coords":[15,19],"importance":255},{"coords":[15,20],"importance":255},{"coords":[15,21],"importance":255},{"coords":[15,22],"importance":255},{"coords":[15,23],"importance":255},{"coords":[15,24],"importance":255},{"coords":[15,25],"importance":255},{"coords":[15,26],"importance":255},{"coords":[15,27],"importance":255},{"coords":[15,28],"importance":255},{"coords":[15,29],"importance":255},{"coords":[15,30],"importance":255},{"coords":[15,31],"importance":255},{"coords":[15,32],"importance":255},{"coords":[16,0],"importance":255},{"coords":[16,1],"importance":255},{"coords":[16,2],"importance":255},{"coords":[16,3],"importance":255},{"coords":[16,4],"importance":255},{"coords":[16,5],"importance":255},{"coords":[16,6],"importance":255},{"coords":[16,7],"importance":255},{"coords":[16,8],"importance":255},{"coords":[16,9],"importance":255},{"coords":[16,10],"importance":255},{"coords":[16,11],"importance":255},{"coords":[16,12],"importance":255},{"coords":[16,13],"importance":255},{"coords":[16,14],"importance":255},{"coords":[16,15],"importance":255},{"coords":[16,16],"importance":255},{"coords":[16,17],"importance":255},{"coords":[16,18],"importance":255},{"coords":[16,19],"importance":255},{"coords":[16,20],"importance":255},{"coords":[16,21],"importance":255},{"coords":[16,22],"importance":255},{"coords":[16,23],"importance":255},{"coords":[16,24],"importance":255},{"coords":[16,25],"importance":255},{"coords":[16,26],"importance":255},{"coords":[16,27],"importance":255},{"coords":[16,28],"importance":255},{"coords":[16,29],"importance":255},{"coords":[16,30],"importance":255},{"coords":[16,31],"importance":255},{"coords":[16,32],"importance":255},{"coords":[17,0],"importance":255},{"coords":[17,1],"importance":255},{"coords":[17,2],"importance":255},{"coords":[17,3],"importance":255},{"coords":[17,4],"importance":255},{"coords":[17,5],"importance":255},{"coords":[17,6],"importance":255},{"coords":[17,7],"importance":255},{"coords":[17,8],"importance":255},{"coords":[17,9],"importance":255},{"coords":[17,10],"importance":255},{"coords":[17,11],"importance":255},{"coords":[17,12],"importance":255},{"coords":[17,13],"importance":255},{"coords":[17,14],"importance":255},{"coords":[17,15],"importance":255},{"coords":[17,16],"importance":255},{"coords":[17,17],"importance":255},{"coords":[17,18],"importance":255},{"coords":[17,19],"importance":255},{"coords":[17,20],"importance":255},{"coords":[17,21],"importance":255},{"coords":[17,22],"importance":255},{"coords":[17,23],"importance":255},{"coords":[17,24],"importance":255},{"coords":[17,25],"importance":255},{"coords":[17,26],"importance":255},{"coords":[17,27],"importance":255},{"coords":[17,28],"importance":255},{"coords":[17,29],"importance":255},{"coords":[17,30],"importance":255},{"coords":[17,31],"importance":255},{"coords":[17,32],"importance":255},{"coords":[18,0],"importance":255},{"coords":[18,1],"importance":255},{"coords":[18,2],"importance":255},{"coords":[18,3],"importance":255},{"coords":[18,4],"importance":255},{"coords":[18,5],"importance":255},{"coords":[18,6],"importance":255},{"coords":[18,7],"importance":255},{"coords":[18,8],"importance":255},{"coords":[18,9],"importance":255},{"coords":[18,10],"importance":255},{"coords":[18,11],"importance":255},{"coords":[18,12],"importance":255},{"coords":[18,13],"importance":255},{"coords":[18,14],"importance":255},{"coords":[18,15],"importance":255},{"coords":[18,16],"importance":255},{"coords":[18,17],"importance":255},{"coords":[18,18],"importance":255},{"coords":[18,19],"importance":255},{"coords":[18,20],"importance":255},{"coords":[18,21],"importance":255},{"coords":[18,22],"importance":255},{"coords":[18,23],"importance":255},{"coords":[18,24],"importance":255},{"coords":[18,25],"importance":255},{"coords":[18,26],"importance":255},{"coords":[18,27],"importance":255},{"coords":[18,28],"importance":255},{"coords":[18,29],"importance":255},{"coords":[18,30],"importance":255},{"coords":[18,31],"importance":255},{"coords":[18,32],"importance":255},{"coords":[19,0],"importance":255},{"coords":[19,1],"importance":255},{"coords":[19,2],"importance":255},{"coords":[19,3],"importance":255},{"coords":[19,4],"importance":255},{"coords":[19,5],"importance":255},{"coords":[19,6],"importance":255},{"coords":[19,7],"importance":255},{"coords":[19,8],"importance":255},{"coords":[19,9],"importance":255},{"coords":[19,10],"importance":255},{"coords":[19,11],"importance":255},{"coords":[19,12],"importance":255},{"coords":[19,13],"importance":255},{"coords":[19,14],"importance":255},{"coords":[19,15],"importance":255},{"coords":[19,16],"importance":255},{"coords":[19,17],"importance":255},{"coords":[19,18],"importance":255},{"coords":[19,19],"importance":255},{"coords":[19,20],"importance":255},{"coords":[19,21],"importance":255},{"coords":[19,22],"importance":255},{"coords":[19,23],"importance":255},{"coords":[19,24],"importance":255},{"coords":[19,25],"importance":255},{"coords":[19,26],"importance":255},{"coords":[19,27],"importance":255},{"coords":[19,28],"importance":255},{"coords":[19,29],"importance":255},{"coords":[19,30],"importance":255},{"coords":[19,31],"importance":255},{"coords":[19,32],"importance":256},{"coords":[20,0],"importance":255},{"coords":[20,1],"importance":255},{"coords":[20,2],"importance":255},{"coords":[20,3],"importance":255},{"coords":[20,4],"importance":255},{"coords":[20,5],"importance":255},{"coords":[20,6],"importance":255},{"coords":[20,7],"importance":255},{"coords":[20,8],"importance":255},{"coords":[20,9],"importance":255},{"coords":[20,10],"importance":255},{"coords":[20,11],"importance":255},{"coords":[20,12],"importance":255},{"coords":[20,13],"importance":255},{"coords":[20,14],"importance":255},{"coords":[20,15],"importance":255},{"coords":[20,16],"importance":255},{"coords":[20,17],"importance":255},{"coords":[20,18],"importance":255},{"coords":[20,19],"importance":255},{"coords":[20,20],"importance":255},{"coords":[20,21],"importance":255},{"coords":[20,22],"importance":255},{"coords":[20,23],"importance":255},{"coords":[20,24],"importance":255},{"coords":[20,25],"importance":255},{"coords":[20,26],"importance":255},{"coords":[20,27],"importance":255},{"coords":[20,28],"importance":255},{"coords":[20,29],"importance":255},{"coords":[20,30],"importance":255},{"coords":[20,31],"importance":255},{"coords":[20,32],"importance":255},{"coords":[21,0],"importance":255},{"coords":[21,1],"importance":255},{"coords":[21,2],"importance":255},{"coords":[21,3],"importance":255},{"coords":[21,4],"importance":255},{"coords":[21,5],"importance":255},{"coords":[21,6],"importance":255},{"coords":[21,7],"importance":255},{"coords":[21,8],"importance":255},{"coords":[21,9],"importance":255},{"coords":[21,10],"importance":255},{"coords":[21,11],"importance":255},{"coords":[21,12],"importance":255},{"coords":[21,13],"importance":255},{"coords":[21,14],"importance":255},{"coords":[21,15],"importance":255},{"coords":[21,16],"importance":255},{"coords":[21,17],"importance":255},{"coords":[21,18],"importance":255},{"coords":[21,19],"importance":255},{"coords":[21,20],"importance":255},{"coords":[21,21],"importance":255},{"coords":[21,22],"importance":255},{"coords":[21,23],"importance":255},{"coords":[21,24],"importance":255},{"coords":[21,25],"importance":255},{"coords":[21,26],"importance":255},{"coords":[21,27],"importance":255},{"coords":[21,28],"importance":255},{"coords":[21,29],"importance":255},{"coords":[21,30],"importance":255},{"coords":[21,31],"importance":255},{"coords":[21,32],"importance":255},{"coords":[22,0],"importance":255},{"coords":[22,1],"importance":255},{"coords":[22,2],"importance":255},{"coords":[22,3],"importance":255},{"coords":[22,4],"importance":255},{"coords":[22,5],"importance":255},{"coords":[22,6],"importance":255},{"coords":[22,7],"importance":255},{"coords":[22,8],"importance":255},{"coords":[22,9],"importance":255},{"coords":[22,10],"importance":255},{"coords":[22,11],"importance":255},{"coords":[22,12],"importance":255},{"coords":[22,13],"importance":255},{"coords":[22,14],"importance":255},{"coords":[22,15],"importance":255},{"coords":[22,16],"importance":255},{"coords":[22,17],"importance":255},{"coords":[22,18],"importance":255},{"coords":[22,19],"importance":255},{"coords":[22,20],"importance":255},{"coords":[22,21],"importance":255},{"coords":[22,22],"importance":274},{"coords":[22,23],"importance":273},{"coords":[22,24],"importance":272},{"coords":[22,25],"importance":271},{"coords":[22,26],"importance":270},{"coords":[22,27],"importance":255},{"coords":[22,28],"importance":255},{"coords":[22,29],"importance":255},{"coords":[22,30],"importance":255},{"coords":[22,31],"importance":255},{"coords":[22,32],"importance":255},{"coords":[23,0],"importance":255},{"coords":[23,1],"importance":255},{"coords":[23,2],"importance":255},{"coords":[23,3],"importance":255},{"coords":[23,4],"importance":255},{"coords":[23,5],"importance":255},{"coords":[23,6],"importance":255},{"coords":[23,7],"importance":255},{"coords":[23,8],"importance":255},{"coords":[23,9],"importance":255},{"coords":[23,10],"importance":255},{"coords":[23,11],"importance":255},{"coords":[23,12],"importance":255},{"coords":[23,13],"importance":255},{"coords":[23,14],"importance":255},{"coords":[23,15],"importance":255},{"coords":[23,16],"importance":255},{"coords":[23,17],"importance":255},{"coords":[23,18],"importance":255},{"coords":[23,19],"importance":255},{"coords":[23,20],"importance":255},{"coords":[23,21],"importance":255},{"coords":[23,22],"importance":269},{"coords":[23,23],"importance":257},{"coords":[23,24],"importance":257},{"coords":[23,25],"importance":257},{"coords":[23,26],"importance":268},{"coords":[23,27],"importance":255},{"coords":[23,28],"importance":255},{"coords":[23,29],"importance":255},{"coords":[23,30],"importance":255},{"coords":[23,31],"importance":255},{"coords":[23,32],"importance":255},{"coords":[24,0],"importance":255},{"coords":[24,1],"importance":255},{"coords":[24,2],"importance":267},{"coords":[24,3],"importance":266},{"coords":[24,4],"importance":257},{"coords":[24,5],"importance":265},{"coords":[24,6],"importance":264},{"coords":[24,7],"importance":263},{"coords":[24,8],"importance":262},{"coords":[24,9],"importance":255},{"coords":[24,10],"importance":255},{"coords":[24,11],"importance":255},{"coords":[24,12],"importance":255},{"coords":[24,13],"importance":255},{"coords":[24,14],"importance":255},{"coords":[24,15],"importance":255},{"coords":[24,16],"importance":255},{"coords":[24,17],"importance":255},{"coords":[24,18],"importance":255},{"coords":[24,19],"importance":255},{"coords":[24,20],"importance":255},{"coords":[24,21],"importance":255},{"coords":[24,22],"importance":261},{"coords":[24,23],"importance":257},{"coords":[24,24],"importance":260},{"coords":[24,25],"importance":257},{"coords":[24,26],"importance":259},{"coords":[24,27],"importance":255},{"coords":[24,28],"importance":255},{"coords":[24,29],"importance":255},{"coords":[24,30],"importance":255},{"coords":[24,31],"importance":255},{"coords":[24,32],"importance":255},{"coords":[25,0],"importance":255},{"coords":[25,1],"importance":255},{"coords":[25,2],"importance":258},{"coords":[25,3],"importance":257},{"coords":[25,4],"importance":257},{"coords":[25,5],"importance":257},{"coords":[25,6],"importance":257},{"coords":[25,7],"importance":257},{"coords":[25,8],"importance":257},{"coords":[25,9],"importance":255},{"coords":[25,10],"importance":255},{"coords":[25,11],"importance":255},{"coords":[25,12],"importance":255},{"coords":[25,13],"importance":255},{"coords":[25,14],"importance":255},{"coords":[25,15],"importance":255},{"coords":[25,16],"importance":255},{"coords":[25,17],"importance":255},{"coords":[25,18],"importance":255},{"coords":[25,19],"importance":255},{"coords":[25,20],"importance":255},{"coords":[25,21],"importance":255},{"coords":[25,22],"importance":257},{"coords":[25,23],"importance":257},{"coords":[25,24],"importance":257},{"coords":[25,25],"importance":257},{"coords":[25,26],"importance":257},{"coords":[25,27],"importance":255},{"coords":[25,28],"importance":255},{"coords":[25,29],"importance":255},{"coords":[25,30],"importance":255},{"coords":[25,31],"importance":255},{"coords":[25,32],"importance":255},{"coords":[26,0],"importance":255},{"coords":[26,1],"importance":255},{"coords":[26,2],"importance":257},{"coords":[26,3],"importance":257},{"coords":[26,4],"importance":257},{"coords":[26,5],"importance":257},{"coords":[26,6],"importance":257},{"coords":[26,7],"importance":257},{"coords":[26,8],"importance":257},{"coords":[26,9],"importance":255},{"coords":[26,10],"importance":255},{"coords":[26,11],"importance":255},{"coords":[26,12],"importance":255},{"coords":[26,13],"importance":255},{"coords":[26,14],"importance":255},{"coords":[26,15],"importance":255},{"coords":[26,16],"importance":255},{"coords":[26,17],"importance":255},{"coords":[26,18],"importance":255},{"coords":[26,19],"importance":255},{"coords":[26,20],"importance":255},{"coords":[26,21],"importance":255},{"coords":[26,22],"importance":257},{"coords":[26,23],"importance":257},{"coords":[26,24],"importance":257},{"coords":[26,25],"importance":257},{"coords":[26,26],"importance":257},{"coords":[26,27],"importance":255},{"coords":[26,28],"importance":255},{"coords":[26,29],"importance":255},{"coords":[26,30],"importance":255},{"coords":[26,31],"importance":255},{"coords":[26,32],"importance":255},{"coords":[27,0],"importance":255},{"coords":[27,1],"importance":255},{"coords":[27,2],"importance":257},{"coords":[27,3],"importance":257},{"coords":[27,4],"importance":257},{"coords":[27,5],"importance":257},{"coords":[27,6],"importance":257},{"coords":[27,7],"importance":257},{"coords":[27,8],"importance":257},{"coords":[27,9],"importance":255},{"coords":[27,10],"importance":255},{"coords":[27,11],"importance":255},{"coords":[27,12],"importance":255},{"coords":[27,13],"importance":255},{"coords":[27,14],"importance":255},{"coords":[27,15],"importance":255},{"coords":[27,16],"importance":255},{"coords":[27,17],"importance":255},{"coords":[27,18],"importance":255},{"coords":[27,19],"importance":255},{"coords":[27,20],"importance":255},{"coords":[27,21],"importance":255},{"coords":[27,22],"importance":255},{"coords":[27,23],"importance":255},{"coords":[27,24],"importance":255},{"coords":[27,25],"importance":255},{"coords":[27,26],"importance":255},{"coords":[27,27],"importance":255},{"coords":[27,28],"importance":255},{"coords":[27,29],"importance":255},{"coords":[27,30],"importance":255},{"coords":[27,31],"importance":255},{"coords":[27,32],"importance":256},{"coords":[28,0],"importance":255},{"coords":[28,1],"importance":255},{"coords":[28,2],"importance":257},{"coords":[28,3],"importance":257},{"coords":[28,4],"importance":257},{"coords":[28,5],"importance":257},{"coords":[28,6],"importance":258},{"coords":[28,7],"importance":257},{"coords":[28,8],"importance":257},{"coords":[28,9],"importance":255},{"coords":[28,10],"importance":255},{"coords":[28,11],"importance":255},{"coords":[28,12],"importance":255},{"coords":[28,13],"importance":255},{"coords":[28,14],"importance":255},{"coords":[28,15],"importance":255},{"coords":[28,16],"importance":255},{"coords":[28,17],"importance":255},{"coords":[28,18],"importance":255},{"coords":[28,19],"importance":255},{"coords":[28,20],"importance":255},{"coords":[28,21],"importance":255},{"coords":[28,22],"importance":255},{"coords":[28,23],"importance":255},{"coords":[28,24],"importance":255},{"coords":[28,25],"importance":255},{"coords":[28,26],"importance":255},{"coords":[28,27],"importance":255},{"coords":[28,28],"importance":255},{"coords":[28,29],"importance":255},{"coords":[28,30],"importance":255},{"coords":[28,31],"importance":255},{"coords":[28,32],"importance":255},{"coords":[29,0],"importance":255},{"coords":[29,1],"importance":255},{"coords":[29,2],"importance":257},{"coords":[29,3],"importance":257},{"coords":[29,4],"importance":257},{"coords":[29,5],"importance":257},{"coords":[29,6],"importance":257},{"coords":[29,7],"importance":257},{"coords":[29,8],"importance":313},{"coords":[29,9],"importance":255},{"coords":[29,10],"importance":255},{"coords":[29,11],"importance":255},{"coords":[29,12],"importance":255},{"coords":[29,13],"importance":255},{"coords":[29,14],"importance":255},{"coords":[29,15],"importance":255},{"coords":[29,16],"importance":255},{"coords":[29,17],"importance":255},{"coords":[29,18],"importance":255},{"coords":[29,19],"importance":255},{"coords":[29,20],"importance":255},{"coords":[29,21],"importance":255},{"coords":[29,22],"importance":255},{"coords":[29,23],"importance":255},{"coords":[29,24],"importance":255},{"coords":[29,25],"importance":255},{"coords":[29,26],"importance":255},{"coords":[29,27],"importance":255},{"coords":[29,28],"importance":255},{"coords":[29,29],"importance":255},{"coords":[29,30],"importance":255},{"coords":[29,31],"importance":255},{"coords":[29,32],"importance":255},{"coords":[30,0],"importance":255},{"coords":[30,1],"importance":255},{"coords":[30,2],"importance":312},{"coords":[30,3],"importance":311},{"coords":[30,4],"importance":310},{"coords":[30,5],"importance":309},{"coords":[30,6],"importance":308},{"coords":[30,7],"importance":307},{"coords":[30,8],"importance":306},{"coords":[30,9],"importance":255},{"coords":[30,10],"importance":255},{"coords":[30,11],"importance":255},{"coords":[30,12],"importance":255},{"coords":[30,13],"importance":255},{"coords":[30,14],"importance":255},{"coords":[30,15],"importance":255},{"coords":[30,16],"importance":255},{"coords":[30,17],"importance":255},{"coords":[30,18],"importance":255},{"coords":[30,19],"importance":255},{"coords":[30,20],"importance":255},{"coords":[30,21],"importance":255},{"coords":[30,22],"importance":255},{"coords":[30,23],"importance":255},{"coords":[30,24],"importance":255},{"coords":[30,25],"importance":255},{"coords":[30,26],"importance":255},{"coords":[30,27],"importance":255},{"coords":[30,28],"importance":255},{"coords":[30,29],"importance":255},{"coords":[30,30],"importance":255},{"coords":[30,31],"importance":255},{"coords":[30,32],"importance":255},{"coords":[31,0],"importance":255},{"coords":[31,1],"importance":255},{"coords":[31,2],"importance":255},{"coords":[31,3],"importance":255},{"coords":[31,4],"importance":255},{"coords":[31,5],"importance":255},{"coords":[31,6],"importance":255},{"coords":[31,7],"importance":255},{"coords":[31,8],"importance":255},{"coords":[31,9],"importance":255},{"coords":[31,10],"importance":255},{"coords":[31,11],"importance":255},{"coords":[31,12],"importance":255},{"coords":[31,13],"importance":255},{"coords":[31,14],"importance":255},{"coords":[31,15],"importance":255},{"coords":[31,16],"importance":255},{"coords":[31,17],"importance":255},{"coords":[31,18],"importance":255},{"coords":[31,19],"importance":255},{"coords":[31,20],"importance":255},{"coords":[31,21],"importance":255},{"coords":[31,22],"importance":255},{"coords":[31,23],"importance":255},{"coords":[31,24],"importance":255},{"coords":[31,25],"importance":255},{"coords":[31,26],"importance":255},{"coords":[31,27],"importance":255},{"coords":[31,28],"importance":255},{"coords":[31,29],"importance":255},{"coords":[31,30],"importance":255},{"coords":[31,31],"importance":255},{"coords":[31,32],"importance":255},{"coords":[32,0],"importance":255},{"coords":[32,1],"importance":255},{"coords":[32,2],"importance":255},{"coords":[32,3],"importance":255},{"coords":[32,4],"importance":255},{"coords":[32,5],"importance":255},{"coords":[32,6],"importance":255},{"coords":[32,7],"importance":255},{"coords":[32,8],"importance":255},{"coords":[32,9],"importance":255},{"coords":[32,10],"importance":255},{"coords":[32,11],"importance":255},{"coords":[32,12],"importance":255},{"coords":[32,13],"importance":255},{"coords":[32,14],"importance":255},{"coords":[32,15],"importance":255},{"coords":[32,16],"importance":255},{"coords":[32,17],"importance":255},{"coords":[32,18],"importance":255},{"coords":[32,19],"importance":255},{"coords":[32,20],"importance":255},{"coords":[32,21],"importance":255},{"coords":[32,22],"importance":255},{"coords":[32,23],"importance":255},{"coords":[32,24],"importance":255},{"coords":[32,25],"importance":255},{"coords":[32,26],"importance":255},{"coords":[32,27],"importance":255},{"coords":[32,28],"importance":255},{"coords":[32,29],"importance":255},{"coords":[32,30],"importance":255},{"coords":[32,31],"importance":255},{"coords":[32,32],"importance":255}]}