{"version":2,"data":{"importances":[{"x":29,"y":8,"importance":313,"heatmapImp":257,"rateImp":56},{"x":30,"y":2,"importance":312,"heatmapImp":257,"rateImp":55},{"x":30,"y":3,"importance":311,"heatmapImp":257,"rateImp":54},{"x":30,"y":4,"importance":310,"heatmapImp":257,"rateImp":53},{"x":30,"y":5,"importance":309,"heatmapImp":257,"rateImp":52},{"x":30,"y":6,"importance":308,"heatmapImp":257,"rateImp":51},{"x":30,"y":7,"importance":307,"heatmapImp":257,"rateImp":50},{"x":30,"y":8,"importance":306,"heatmapImp":257,"rateImp":49},{"x":9,"y":19,"importance":303,"rateImp":48},{"x":9,"y":32,"importance":302,"rateImp":47},{"x":10,"y":0,"importance":301,"rateImp":46},{"x":10,"y":2,"importance":300,"rateImp":45},{"x":10,"y":3,"importance":299,"rateImp":44},{"x":10,"y":4,"importance":298,"rateImp":43},{"x":10,"y":5,"importance":297,"rateImp":42},{"x":10,"y":7,"importance":296,"rateImp":41},{"x":10,"y":8,"importance":295,"rateImp":40},{"x":10,"y":11,"importance":294,"rateImp":39},{"x":10,"y":13,"importance":293,"rateImp":38},{"x":10,"y":16,"importance":292,"rateImp":37},{"x":10,"y":19,"importance":291,"rateImp":36},{"x":10,"y":20,"importance":290,"rateImp":35},{"x":10,"y":23,"importance":289,"rateImp":34},{"x":10,"y":25,"importance":288,"rateImp":33},{"x":10,"y":26,"importance":287,"rateImp":32},{"x":10,"y":29,"importance":286,"rateImp":31},{"x":10,"y":30,"importance":285,"rateImp":30},{"x":10,"y":32,"importance":284,"rateImp":29},{"x":11,"y":0,"importance":283,"rateImp":28},{"x":11,"y":4,"importance":282,"rateImp":27},{"x":11,"y":5,"importance":281,"rateImp":26},{"x":11,"y":6,"importance":280,"rateImp":25},{"x":11,"y":7,"importance":279,"rateImp":24},{"x":11,"y":12,"importance":278,"rateImp":23},{"x":11,"y":13,"importance":277,"rateImp":22},{"x":11,"y":15,"importance":276,"rateImp":21},{"x":11,"y":16,"importance":275,"rateImp":20},{"x":22,"y":22,"importance":274,"heatmapImp":257,"rateImp":17},{"x":11,"y":21,"importance":274,"rateImp":19},{"x":22,"y":23,"importance":273,"heatmapImp":257,"rateImp":16},{"x":11,"y":22,"importance":273,"rateImp":18},{"x":22,"y":24,"importance":272,"heatmapImp":257,"rateImp":15},{"x":11,"y":25,"importance":272,"rateImp":17},{"x":22,"y":25,"importance":271,"heatmapImp":257,"rateImp":14},{"x":11,"y":26,"importance":271,"rateImp":16},{"x":22,"y":26,"importance":270,"heatmapImp":257,"rateImp":13},{"x":11,"y":27,"importance":270,"rateImp":15},{"x":23,"y":22,"importance":269,"heatmapImp":257,"rateImp":12},{"x":11,"y":28,"importance":269,"rateImp":14},{"x":23,"y":26,"importance":268,"heatmapImp":257,"rateImp":11},{"x":11,"y":32,"importance":268,"rateImp":13},{"x":24,"y":2,"importance":267,"heatmapImp":257,"rateImp":10},{"x":12,"y":0,"importance":267,"rateImp":12},{"x":24,"y":3,"importance":266,"heatmapImp":257,"rateImp":9},{"x":12,"y":5,"importance":266,"rateImp":11},{"x":24,"y":5,"importance":265,"heatmapImp":257,"rateImp":8},{"x":12,"y":6,"importance":265,"rateImp":10},{"x":24,"y":6,"importance":264,"heatmapImp":257,"rateImp":7},{"x":12,"y":7,"importance":264,"rateImp":9},{"x":24,"y":7,"importance":263,"heatmapImp":257,"rateImp":6},{"x":12,"y":8,"importance":263,"rateImp":8},{"x":12,"y":24,"importance":263,"rateImp":8},{"x":24,"y":8,"importance":262,"heatmapImp":257,"rateImp":5},{"x":12,"y":9,"importance":262,"rateImp":7},{"x":12,"y":25,"importance":262,"rateImp":7},{"x":24,"y":22,"importance":261,"heatmapImp":257,"rateImp":4},{"x":12,"y":10,"importance":261,"rateImp":6},{"x":12,"y":26,"importance":261,"rateImp":6},{"x":24,"y":24,"importance":260,"heatmapImp":257,"rateImp":3},{"x":12,"y":12,"importance":260,"rateImp":5},{"x":12,"y":32,"importance":260,"rateImp":5},{"x":24,"y":26,"importance":259,"heatmapImp":257,"rateImp":2},{"x":12,"y":15,"importance":259,"rateImp":4},{"x":13,"y":0,"importance":259,"rateImp":4},{"x":25,"y":2,"importance":258,"heatmapImp":257,"rateImp":1},{"x":28,"y":6,"importance":258,"heatmapImp":257,"rateImp":1},{"x":12,"y":18,"importance":258,"rateImp":3},{"x":13,"y":3,"importance":258,"rateImp":3},{"x":2,"y":2,"importance":257,"heatmapImp":257},{"x":2,"y":3,"importance":257,"heatmapImp":257},{"x":2,"y":4,"importance":257,"heatmapImp":257},{"x":2,"y":5,"importance":257,"heatmapImp":257},{"x":2,"y":6,"importance":257,"heatmapImp":257},{"x":2,"y":7,"importance":257,"heatmapImp":257},{"x":2,"y":8,"importance":257,"heatmapImp":257},{"x":2,"y":24,"importance":257,"heatmapImp":257},{"x":2,"y":25,"importance":257,"heatmapImp":257},{"x":2,"y":26,"importance":257,"heatmapImp":257},{"x":2,"y":27,"importance":257,"heatmapImp":257},{"x":2,"y":28,"importance":257,"heatmapImp":257},{"x":2,"y":29,"importance":257,"heatmapImp":257},{"x":2,"y":30,"importance":257,"heatmapImp":257},{"x":3,"y":2,"importance":257,"heatmapImp":257},{"x":3,"y":3,"importance":257,"heatmapImp":257},{"x":3,"y":4,"importance":257,"heatmapImp":257},{"x":3,"y":5,"importance":257,"heatmapImp":257},{"x":3,"y":6,"importance":257,"heatmapImp":257},{"x":3,"y":7,"importance":257,"heatmapImp":257},{"x":3,"y":8,"importance":257,"heatmapImp":257},{"x":3,"y":24,"importance":257,"heatmapImp":257},{"x":3,"y":25,"importance":257,"heatmapImp":257},{"x":3,"y":26,"importance":257,"heatmapImp":257},{"x":3,"y":27,"importance":257,"heatmapImp":257},{"x":3,"y":28,"importance":257,"heatmapImp":257},{"x":3,"y":29,"importance":257,"heatmapImp":257},{"x":3,"y":30,"importance":257,"heatmapImp":257},{"x":4,"y":2,"importance":257,"heatmapImp":257},{"x":4,"y":3,"importance":257,"heatmapImp":257},{"x":4,"y":4,"importance":257,"heatmapImp":257},{"x":4,"y":5,"importance":257,"heatmapImp":257},{"x":4,"y":6,"importance":257,"heatmapImp":257},{"x":4,"y":7,"importance":257,"heatmapImp":257},{"x":4,"y":8,"importance":257,"heatmapImp":257},{"x":4,"y":24,"importance":257,"heatmapImp":257},{"x":4,"y":25,"importance":257,"heatmapImp":257},{"x":4,"y":26,"importance":257,"heatmapImp":257},{"x":4,"y":27,"importance":257,"heatmapImp":257},{"x":4,"y":28,"importance":257,"heatmapImp":257},{"x":4,"y":29,"importance":257,"heatmapImp":257},{"x":4,"y":30,"importance":257,"heatmapImp":257},{"x":5,"y":2,"importance":257,"heatmapImp":257},{"x":5,"y":3,"importance":257,"heatmapImp":257},{"x":5,"y":4,"importance":257,"heatmapImp":257},{"x":5,"y":5,"importance":257,"heatmapImp":257},{"x":5,"y":6,"importance":257,"heatmapImp":257},{"x":5,"y":7,"importance":257,"heatmapImp":257},{"x":5,"y":8,"importance":257,"heatmapImp":257},{"x":5,"y":24,"importance":257,"heatmapImp":257},{"x":5,"y":25,"importance":257,"heatmapImp":257},{"x":5,"y":26,"importance":257,"heatmapImp":257},{"x":5,"y":27,"importance":257,"heatmapImp":257},{"x":5,"y":28,"importance":257,"heatmapImp":257},{"x":5,"y":29,"importance":257,"heatmapImp":257},{"x":5,"y":30,"importance":257,"heatmapImp":257},{"x":6,"y":2,"importance":257,"heatmapImp":257},{"x":6,"y":3,"importance":257,"heatmapImp":257},{"x":6,"y":4,"importance":257,"heatmapImp":257},{"x":6,"y":5,"importance":257,"heatmapImp":257},{"x":6,"y":6,"importance":257,"heatmapImp":257},{"x":6,"y":7,"importance":257,"heatmapImp":257},{"x":6,"y":8,"importance":257,"heatmapImp":257},{"x":6,"y":24,"importance":257,"heatmapImp":257},{"x":6,"y":25,"importance":257,"heatmapImp":257},{"x":6,"y":26,"importance":257,"heatmapImp":257},{"x":6,"y":27,"importance":257,"heatmapImp":257},{"x":6,"y":28,"importance":257,"heatmapImp":257},{"x":6,"y":29,"importance":257,"heatmapImp":257},{"x":6,"y":30,"importance":257,"heatmapImp":257},{"x":7,"y":2,"importance":257,"heatmapImp":257},{"x":7,"y":3,"importance":257,"heatmapImp":257},{"x":7,"y":4,"importance":257,"heatmapImp":257},{"x":7,"y":5,"importance":257,"heatmapImp":257},{"x":7,"y":6,"importance":257,"heatmapImp":257},{"x":7,"y":7,"importance":257,"heatmapImp":257},{"x":7,"y":8,"importance":257,"heatmapImp":257},{"x":7,"y":24,"importance":257,"heatmapImp":257},{"x":7,"y":25,"importance":257,"heatmapImp":257},{"x":7,"y":26,"importance":257,"heatmapImp":257},{"x":7,"y":27,"importance":257,"heatmapImp":257},{"x":7,"y":28,"importance":257,"heatmapImp":257},{"x":7,"y":29,"importance":257,"heatmapImp":257},{"x":7,"y":30,"importance":257,"heatmapImp":257},{"x":8,"y":2,"importance":257,"heatmapImp":257},{"x":8,"y":3,"importance":257,"heatmapImp":257},{"x":8,"y":4,"importance":257,"heatmapImp":257},{"x":8,"y":5,"importance":257,"heatmapImp":257},{"x":8,"y":6,"importance":257,"heatmapImp":257},{"x":8,"y":7,"importance":257,"heatmapImp":257},{"x":8,"y":8,"importance":257,"heatmapImp":257},{"x":8,"y":24,"importance":257,"heatmapImp":257},{"x":8,"y":25,"importance":257,"heatmapImp":257},{"x":8,"y":26,"importance":257,"heatmapImp":257},{"x":8,"y":27,"importance":257,"heatmapImp":257},{"x":8,"y":28,"importance":257,"heatmapImp":257},{"x":8,"y":29,"importance":257,"heatmapImp":257},{"x":8,"y":30,"importance":257,"heatmapImp":257},{"x":23,"y":23,"importance":257,"heatmapImp":257},{"x":23,"y":24,"importance":257,"heatmapImp":257},{"x":23,"y":25,"importance":257,"heatmapImp":257},{"x":24,"y":4,"importance":257,"heatmapImp":257},{"x":24,"y":23,"importance":257,"heatmapImp":257},{"x":24,"y":25,"importance":257,"heatmapImp":257},{"x":25,"y":3,"importance":257,"heatmapImp":257},{"x":25,"y":4,"importance":257,"heatmapImp":257},{"x":25,"y":5,"importance":257,"heatmapImp":257},{"x":25,"y":6,"importance":257,"heatmapImp":257},{"x":25,"y":7,"importance":257,"heatmapImp":257},{"x":25,"y":8,"importance":257,"heatmapImp":257},{"x":25,"y":22,"importance":257,"heatmapImp":257},{"x":25,"y":23,"importance":257,"heatmapImp":257},{"x":25,"y":24,"importance":257,"heatmapImp":257},{"x":25,"y":25,"importance":257,"heatmapImp":257},{"x":25,"y":26,"importance":257,"heatmapImp":257},{"x":26,"y":2,"importance":257,"heatmapImp":257},{"x":26,"y":3,"importance":257,"heatmapImp":257},{"x":26,"y":4,"importance":257,"heatmapImp":257},{"x":26,"y":5,"importance":257,"heatmapImp":257},{"x":26,"y":6,"importance":257,"heatmapImp":257},{"x":26,"y":7,"importance":257,"heatmapImp":257},{"x":26,"y":8,"importance":257,"heatmapImp":257},{"x":26,"y":22,"importance":257,"heatmapImp":257},{"x":26,"y":23,"importance":257,"heatmapImp":257},{"x":26,"y":24,"importance":257,"heatmapImp":257},{"x":26,"y":25,"importance":257,"heatmapImp":257},{"x":26,"y":26,"importance":257,"heatmapImp":257},{"x":27,"y":2,"importance":257,"heatmapImp":257},{"x":27,"y":3,"importance":257,"heatmapImp":257},{"x":27,"y":4,"importance":257,"heatmapImp":257},{"x":27,"y":5,"importance":257,"heatmapImp":257},{"x":27,"y":6,"importance":257,"heatmapImp":257},{"x":27,"y":7,"importance":257,"heatmapImp":257},{"x":27,"y":8,"importance":257,"heatmapImp":257},{"x":28,"y":2,"importance":257,"heatmapImp":257},{"x":28,"y":3,"importance":257,"heatmapImp":257},{"x":28,"y":4,"importance":257,"heatmapImp":257},{"x":28,"y":5,"importance":257,"heatmapImp":257},{"x":28,"y":7,"importance":257,"heatmapImp":257},{"x":28,"y":8,"importance":257,"heatmapImp":257},{"x":29,"y":2,"importance":257,"heatmapImp":257},{"x":29,"y":3,"importance":257,"heatmapImp":257},{"x":29,"y":4,"importance":257,"heatmapImp":257},{"x":29,"y":5,"importance":257,"heatmapImp":257},{"x":29,"y":6,"importance":257,"heatmapImp":257},{"x":29,"y":7,"importance":257,"heatmapImp":257},{"x":2,"y":2,"importance":257,"heatmapImp":257},{"x":2,"y":3,"importance":257,"heatmapImp":257},{"x":2,"y":4,"importance":257,"heatmapImp":257},{"x":2,"y":5,"importance":257,"heatmapImp":257},{"x":2,"y":6,"importance":257,"heatmapImp":257},{"x":2,"y":7,"importance":257,"heatmapImp":257},{"x":2,"y":8,"importance":257,"heatmapImp":257},{"x":2,"y":24,"importance":257,"heatmapImp":257},{"x":2,"y":25,"importance":257,"heatmapImp":257},{"x":2,"y":26,"importance":257,"heatmapImp":257},{"x":2,"y":27,"importance":257,"heatmapImp":257},{"x":2,"y":28,"importance":257,"heatmapImp":257},{"x":2,"y":29,"importance":257,"heatmapImp":257},{"x":2,"y":30,"importance":257,"heatmapImp":257},{"x":3,"y":2,"importance":257,"heatmapImp":257},{"x":3,"y":3,"importance":257,"heatmapImp":257},{"x":3,"y":4,"importance":257,"heatmapImp":257},{"x":3,"y":5,"importance":257,"heatmapImp":257},{"x":3,"y":6,"importance":257,"heatmapImp":257},{"x":3,"y":7,"importance":257,"heatmapImp":257},{"x":3,"y":8,"importance":257,"heatmapImp":257},{"x":3,"y":24,"importance":257,"heatmapImp":257},{"x":3,"y":25,"importance":257,"heatmapImp":257},{"x":3,"y":26,"importance":257,"heatmapImp":257},{"x":3,"y":27,"importance":257,"heatmapImp":257},{"x":3,"y":28,"importance":257,"heatmapImp":257},{"x":3,"y":29,"importance":257,"heatmapImp":257},{"x":3,"y":30,"importance":257,"heatmapImp":257},{"x":4,"y":2,"importance":257,"heatmapImp":257},{"x":4,"y":3,"importance":257,"heatmapImp":257},{"x":4,"y":4,"importance":257,"heatmapImp":257},{"x":4,"y":5,"importance":257,"heatmapImp":257},{"x":4,"y":6,"importance":257,"heatmapImp":257},{"x":4,"y":7,"importance":257,"heatmapImp":257},{"x":4,"y":8,"importance":257,"heatmapImp":257},{"x":4,"y":24,"importance":257,"heatmapImp":257},{"x":4,"y":25,"importance":257,"heatmapImp":257},{"x":4,"y":26,"importance":257,"heatmapImp":257},{"x":4,"y":27,"importance":257,"heatmapImp":257},{"x":4,"y":28,"importance":257,"heatmapImp":257},{"x":4,"y":29,"importance":257,"heatmapImp":257},{"x":4,"y":30,"importance":257,"heatmapImp":257},{"x":5,"y":2,"importance":257,"heatmapImp":257},{"x":5,"y":3,"importance":257,"heatmapImp":257},{"x":5,"y":4,"importance":257,"heatmapImp":257},{"x":5,"y":5,"importance":257,"heatmapImp":257},{"x":5,"y":6,"importance":257,"heatmapImp":257},{"x":5,"y":7,"importance":257,"heatmapImp":257},{"x":5,"y":8,"importance":257,"heatmapImp":257},{"x":5,"y":24,"importance":257,"heatmapImp":257},{"x":5,"y":25,"importance":257,"heatmapImp":257},{"x":5,"y":26,"importance":257,"heatmapImp":257},{"x":5,"y":27,"importance":257,"heatmapImp":257},{"x":5,"y":28,"importance":257,"heatmapImp":257},{"x":5,"y":29,"importance":257,"heatmapImp":257},{"x":5,"y":30,"importance":257,"heatmapImp":257},{"x":6,"y":2,"importance":257,"heatmapImp":257},{"x":6,"y":3,"importance":257,"heatmapImp":257},{"x":6,"y":4,"importance":257,"heatmapImp":257},{"x":6,"y":5,"importance":257,"heatmapImp":257},{"x":6,"y":6,"importance":257,"heatmapImp":257},{"x":6,"y":7,"importance":257,"heatmapImp":257},{"x":6,"y":8,"importance":257,"heatmapImp":257},{"x":6,"y":24,"importance":257,"heatmapImp":257},{"x":6,"y":25,"importance":257,"heatmapImp":257},{"x":6,"y":26,"importance":257,"heatmapImp":257},{"x":6,"y":27,"importance":257,"heatmapImp":257},{"x":6,"y":28,"importance":257,"heatmapImp":257},{"x":6,"y":29,"importance":257,"heatmapImp":257},{"x":6,"y":30,"importance":257,"heatmapImp":257},{"x":7,"y":2,"importance":257,"heatmapImp":257},{"x":7,"y":3,"importance":257,"heatmapImp":257},{"x":7,"y":4,"importance":257,"heatmapImp":257},{"x":7,"y":5,"importance":257,"heatmapImp":257},{"x":7,"y":6,"importance":257,"heatmapImp":257},{"x":7,"y":7,"importance":257,"heatmapImp":257},{"x":7,"y":8,"importance":257,"heatmapImp":257},{"x":7,"y":24,"importance":257,"heatmapImp":257},{"x":7,"y":25,"importance":257,"heatmapImp":257},{"x":7,"y":26,"importance":257,"heatmapImp":257},{"x":7,"y":27,"importance":257,"heatmapImp":257},{"x":7,"y":28,"importance":257,"heatmapImp":257},{"x":7,"y":29,"importance":257,"heatmapImp":257},{"x":7,"y":30,"importance":257,"heatmapImp":257},{"x":8,"y":2,"importance":257,"heatmapImp":257},{"x":8,"y":3,"importance":257,"heatmapImp":257},{"x":8,"y":4,"importance":257,"heatmapImp":257},{"x":8,"y":5,"importance":257,"heatmapImp":257},{"x":8,"y":6,"importance":257,"heatmapImp":257},{"x":8,"y":7,"importance":257,"heatmapImp":257},{"x":8,"y":8,"importance":257,"heatmapImp":257},{"x":8,"y":24,"importance":257,"heatmapImp":257},{"x":8,"y":25,"importance":257,"heatmapImp":257},{"x":8,"y":26,"importance":257,"heatmapImp":257},{"x":8,"y":27,"importance":257,"heatmapImp":257},{"x":8,"y":28,"importance":257,"heatmapImp":257},{"x":8,"y":29,"importance":257,"heatmapImp":257},{"x":8,"y":30,"importance":257,"heatmapImp":257},{"x":22,"y":22,"importance":257,"heatmapImp":257},{"x":22,"y":23,"importance":257,"heatmapImp":257},{"x":22,"y":24,"importance":257,"heatmapImp":257},{"x":22,"y":25,"importance":257,"heatmapImp":257},{"x":22,"y":26,"importance":257,"heatmapImp":257},{"x":23,"y":22,"importance":257,"heatmapImp":257},{"x":23,"y":23,"importance":257,"heatmapImp":257},{"x":23,"y":24,"importance":257,"heatmapImp":257},{"x":23,"y":25,"importance":257,"heatmapImp":257},{"x":23,"y":26,"importance":257,"heatmapImp":257},{"x":24,"y":2,"importance":257,"heatmapImp":257},{"x":24,"y":3,"importance":257,"heatmapImp":257},{"x":24,"y":4,"importance":257,"heatmapImp":257},{"x":24,"y":5,"importance":257,"heatmapImp":257},{"x":24,"y":6,"importance":257,"heatmapImp":257},{"x":24,"y":7,"importance":257,"heatmapImp":257},{"x":24,"y":8,"importance":257,"heatmapImp":257},{"x":24,"y":22,"importance":257,"heatmapImp":257},{"x":24,"y":23,"importance":257,"heatmapImp":257},{"x":24,"y":24,"importance":257,"heatmapImp":257},{"x":24,"y":25,"importance":257,"heatmapImp":257},{"x":24,"y":26,"importance":257,"heatmapImp":257},{"x":25,"y":2,"importance":257,"heatmapImp":257},{"x":25,"y":3,"importance":257,"heatmapImp":257},{"x":25,"y":4,"importance":257,"heatmapImp":257},{"x":25,"y":5,"importance":257,"heatmapImp":257},{"x":25,"y":6,"importance":257,"heatmapImp":257},{"x":25,"y":7,"importance":257,"heatmapImp":257},{"x":25,"y":8,"importance":257,"heatmapImp":257},{"x":25,"y":22,"importance":257,"heatmapImp":257},{"x":25,"y":23,"importance":257,"heatmapImp":257},{"x":25,"y":24,"importance":257,"heatmapImp":257},{"x":25,"y":25,"importance":257,"heatmapImp":257},{"x":25,"y":26,"importance":257,"heatmapImp":257},{"x":26,"y":2,"importance":257,"heatmapImp":257},{"x":26,"y":3,"importance":257,"heatmapImp":257},{"x":26,"y":4,"importance":257,"heatmapImp":257},{"x":26,"y":5,"importance":257,"heatmapImp":257},{"x":26,"y":6,"importance":257,"heatmapImp":257},{"x":26,"y":7,"importance":257,"heatmapImp":257},{"x":26,"y":8,"importance":257,"heatmapImp":257},{"x":26,"y":22,"importance":257,"heatmapImp":257},{"x":26,"y":23,"importance":257,"heatmapImp":257},{"x":26,"y":24,"importance":257,"heatmapImp":257},{"x":26,"y":25,"importance":257,"heatmapImp":257},{"x":26,"y":26,"importance":257,"heatmapImp":257},{"x":27,"y":2,"importance":257,"heatmapImp":257},{"x":27,"y":3,"importance":257,"heatmapImp":257},{"x":27,"y":4,"importance":257,"heatmapImp":257},{"x":27,"y":5,"importance":257,"heatmapImp":257},{"x":27,"y":6,"importance":257,"heatmapImp":257},{"x":27,"y":7,"importance":257,"heatmapImp":257},{"x":27,"y":8,"importance":257,"heatmapImp":257},{"x":28,"y":2,"importance":257,"heatmapImp":257},{"x":28,"y":3,"importance":257,"heatmapImp":257},{"x":28,"y":4,"importance":257,"heatmapImp":257},{"x":28,"y":5,"importance":257,"heatmapImp":257},{"x":28,"y":6,"importance":257,"heatmapImp":257},{"x":28,"y":7,"importance":257,"heatmapImp":257},{"x":28,"y":8,"importance":257,"heatmapImp":257},{"x":29,"y":2,"importance":257,"heatmapImp":257},{"x":29,"y":3,"importance":257,"heatmapImp":257},{"x":29,"y":4,"importance":257,"heatmapImp":257},{"x":29,"y":5,"importance":257,"heatmapImp":257},{"x":29,"y":6,"importance":257,"heatmapImp":257},{"x":29,"y":7,"importance":257,"heatmapImp":257},{"x":29,"y":8,"importance":257,"heatmapImp":257},{"x":30,"y":2,"importance":257,"heatmapImp":257},{"x":30,"y":3,"importance":257,"heatmapImp":257},{"x":30,"y":4,"importance":257,"heatmapImp":257},{"x":30,"y":5,"importance":257,"heatmapImp":257},{"x":30,"y":6,"importance":257,"heatmapImp":257},{"x":30,"y":7,"importance":257,"heatmapImp":257},{"x":30,"y":8,"importance":257,"heatmapImp":257},{"x":2,"y":2,"importance":257,"heatmapImp":257},{"x":2,"y":3,"importance":257,"heatmapImp":257},{"x":2,"y":4,"importance":257,"heatmapImp":257},{"x":2,"y":5,"importance":257,"heatmapImp":257},{"x":2,"y":6,"importance":257,"heatmapImp":257},{"x":2,"y":7,"importance":257,"heatmapImp":257},{"x":2,"y":8,"importance":257,"heatmapImp":257},{"x":2,"y":24,"importance":257,"heatmapImp":257},{"x":2,"y":25,"importance":257,"heatmapImp":257},{"x":2,"y":26,"importance":257,"heatmapImp":257},{"x":2,"y":27,"importance":257,"heatmapImp":257},{"x":2,"y":28,"importance":257,"heatmapImp":257},{"x":2,"y":29,"importance":257,"heatmapImp":257},{"x":2,"y":30,"importance":257,"heatmapImp":257},{"x":3,"y":2,"importance":257,"heatmapImp":257},{"x":3,"y":3,"importance":257,"heatmapImp":257},{"x":3,"y":4,"importance":257,"heatmapImp":257},{"x":3,"y":5,"importance":257,"heatmapImp":257},{"x":3,"y":6,"importance":257,"heatmapImp":257},{"x":3,"y":7,"importance":257,"heatmapImp":257},{"x":3,"y":8,"importance":257,"heatmapImp":257},{"x":3,"y":24,"importance":257,"heatmapImp":257},{"x":3,"y":25,"importance":257,"heatmapImp":257},{"x":3,"y":26,"importance":257,"heatmapImp":257},{"x":3,"y":27,"importance":257,"heatmapImp":257},{"x":3,"y":28,"importance":257,"heatmapImp":257},{"x":3,"y":29,"importance":257,"heatmapImp":257},{"x":3,"y":30,"importance":257,"heatmapImp":257},{"x":4,"y":2,"importance":257,"heatmapImp":257},{"x":4,"y":3,"importance":257,"heatmapImp":257},{"x":4,"y":4,"importance":257,"heatmapImp":257},{"x":4,"y":5,"importance":257,"heatmapImp":257},{"x":4,"y":6,"importance":257,"heatmapImp":257},{"x":4,"y":7,"importance":257,"heatmapImp":257},{"x":4,"y":8,"importance":257,"heatmapImp":257},{"x":4,"y":24,"importance":257,"heatmapImp":257},{"x":4,"y":25,"importance":257,"heatmapImp":257},{"x":4,"y":26,"importance":257,"heatmapImp":257},{"x":4,"y":27,"importance":257,"heatmapImp":257},{"x":4,"y":28,"importance":257,"heatmapImp":257},{"x":4,"y":29,"importance":257,"heatmapImp":257},{"x":4,"y":30,"importance":257,"heatmapImp":257},{"x":5,"y":2,"importance":257,"heatmapImp":257},{"x":5,"y":3,"importance":257,"heatmapImp":257},{"x":5,"y":4,"importance":257,"heatmapImp":257},{"x":5,"y":5,"importance":257,"heatmapImp":257},{"x":5,"y":6,"importance":257,"heatmapImp":257},{"x":5,"y":7,"importance":257,"heatmapImp":257},{"x":5,"y":8,"importance":257,"heatmapImp":257},{"x":5,"y":24,"importance":257,"heatmapImp":257},{"x":5,"y":25,"importance":257,"heatmapImp":257},{"x":5,"y":26,"importance":257,"heatmapImp":257},{"x":5,"y":27,"importance":257,"heatmapImp":257},{"x":5,"y":28,"importance":257,"heatmapImp":257},{"x":5,"y":29,"importance":257,"heatmapImp":257},{"x":5,"y":30,"importance":257,"heatmapImp":257},{"x":6,"y":2,"importance":257,"heatmapImp":257},{"x":6,"y":3,"importance":257,"heatmapImp":257},{"x":6,"y":4,"importance":257,"heatmapImp":257},{"x":6,"y":5,"importance":257,"heatmapImp":257},{"x":6,"y":6,"importance":257,"heatmapImp":257},{"x":6,"y":7,"importance":257,"heatmapImp":257},{"x":6,"y":8,"importance":257,"heatmapImp":257},{"x":6,"y":24,"importance":257,"heatmapImp":257},{"x":6,"y":25,"importance":257,"heatmapImp":257},{"x":6,"y":26,"importance":257,"heatmapImp":257},{"x":6,"y":27,"importance":257,"heatmapImp":257},{"x":6,"y":28,"importance":257,"heatmapImp":257},{"x":6,"y":29,"importance":257,"heatmapImp":257},{"x":6,"y":30,"importance":257,"heatmapImp":257},{"x":7,"y":2,"importance":257,"heatmapImp":257},{"x":7,"y":3,"importance":257,"heatmapImp":257},{"x":7,"y":4,"importance":257,"heatmapImp":257},{"x":7,"y":5,"importance":257,"heatmapImp":257},{"x":7,"y":6,"importance":257,"heatmapImp":257},{"x":7,"y":7,"importance":257,"heatmapImp":257},{"x":7,"y":8,"importance":257,"heatmapImp":257},{"x":7,"y":24,"importance":257,"heatmapImp":257},{"x":7,"y":25,"importance":257,"heatmapImp":257},{"x":7,"y":26,"importance":257,"heatmapImp":257},{"x":7,"y":27,"importance":257,"heatmapImp":257},{"x":7,"y":28,"importance":257,"heatmapImp":257},{"x":7,"y":29,"importance":257,"heatmapImp":257},{"x":7,"y":30,"importance":257,"heatmapImp":257},{"x":8,"y":2,"importance":257,"heatmapImp":257},{"x":8,"y":3,"importance":257,"heatmapImp":257},{"x":8,"y":4,"importance":257,"heatmapImp":257},{"x":8,"y":5,"importance":257,"heatmapImp":257},{"x":8,"y":6,"importance":257,"heatmapImp":257},{"x":8,"y":7,"importance":257,"heatmapImp":257},{"x":8,"y":8,"importance":257,"heatmapImp":257},{"x":8,"y":24,"importance":257,"heatmapImp":257},{"x":8,"y":25,"importance":257,"heatmapImp":257},{"x":8,"y":26,"importance":257,"heatmapImp":257},{"x":8,"y":27,"importance":257,"heatmapImp":257},{"x":8,"y":28,"importance":257,"heatmapImp":257},{"x":8,"y":29,"importance":257,"heatmapImp":257},{"x":8,"y":30,"importance":257,"heatmapImp":257},{"x":22,"y":22,"importance":257,"heatmapImp":257},{"x":22,"y":23,"importance":257,"heatmapImp":257},{"x":22,"y":24,"importance":257,"heatmapImp":257},{"x":22,"y":25,"importance":257,"heatmapImp":257},{"x":22,"y":26,"importance":257,"heatmapImp":257},{"x":23,"y":22,"importance":257,"heatmapImp":257},{"x":23,"y":23,"importance":257,"heatmapImp":257},{"x":23,"y":24,"importance":257,"heatmapImp":257},{"x":23,"y":25,"importance":257,"heatmapImp":257},{"x":23,"y":26,"importance":257,"heatmapImp":257},{"x":24,"y":2,"importance":257,"heatmapImp":257},{"x":24,"y":3,"importance":257,"heatmapImp":257},{"x":24,"y":4,"importance":257,"heatmapImp":257},{"x":24,"y":5,"importance":257,"heatmapImp":257},{"x":24,"y":6,"importance":257,"heatmapImp":257},{"x":24,"y":7,"importance":257,"heatmapImp":257},{"x":24,"y":8,"importance":257,"heatmapImp":257},{"x":24,"y":22,"importance":257,"heatmapImp":257},{"x":24,"y":23,"importance":257,"heatmapImp":257},{"x":24,"y":24,"importance":257,"heatmapImp":257},{"x":24,"y":25,"importance":257,"heatmapImp":257},{"x":24,"y":26,"importance":257,"heatmapImp":257},{"x":25,"y":2,"importance":257,"heatmapImp":257},{"x":25,"y":3,"importance":257,"heatmapImp":257},{"x":25,"y":4,"importance":257,"heatmapImp":257},{"x":25,"y":5,"importance":257,"heatmapImp":257},{"x":25,"y":6,"importance":257,"heatmapImp":257},{"x":25,"y":7,"importance":257,"heatmapImp":257},{"x":25,"y":8,"importance":257,"heatmapImp":257},{"x":25,"y":22,"importance":257,"heatmapImp":257},{"x":25,"y":23,"importance":257,"heatmapImp":257},{"x":25,"y":24,"importance":257,"heatmapImp":257},{"x":25,"y":25,"importance":257,"heatmapImp":257},{"x":25,"y":26,"importance":257,"heatmapImp":257},{"x":26,"y":2,"importance":257,"heatmapImp":257},{"x":26,"y":3,"importance":257,"heatmapImp":257},{"x":26,"y":4,"importance":257,"heatmapImp":257},{"x":26,"y":5,"importance":257,"heatmapImp":257},{"x":26,"y":6,"importance":257,"heatmapImp":257},{"x":26,"y":7,"importance":257,"heatmapImp":257},{"x":26,"y":8,"importance":257,"heatmapImp":257},{"x":26,"y":22,"importance":257,"heatmapImp":257},{"x":26,"y":23,"importance":257,"heatmapImp":257},{"x":26,"y":24,"importance":257,"heatmapImp":257},{"x":26,"y":25,"importance":257,"heatmapImp":257},{"x":26,"y":26,"importance":257,"heatmapImp":257},{"x":27,"y":2,"importance":257,"heatmapImp":257},{"x":27,"y":3,"importance":257,"heatmapImp":257},{"x":27,"y":4,"importance":257,"heatmapImp":257},{"x":27,"y":5,"importance":257,"heatmapImp":257},{"x":27,"y":6,"importance":257,"heatmapImp":257},{"x":27,"y":7,"importance":257,"heatmapImp":257},{"x":27,"y":8,"importance":257,"heatmapImp":257},{"x":28,"y":2,"importance":257,"heatmapImp":257},{"x":28,"y":3,"importance":257,"heatmapImp":257},{"x":28,"y":4,"importance":257,"heatmapImp":257},{"x":28,"y":5,"importance":257,"heatmapImp":257},{"x":28,"y":6,"importance":257,"heatmapImp":257},{"x":28,"y":7,"importance":257,"heatmapImp":257},{"x":28,"y":8,"importance":257,"heatmapImp":257},{"x":29,"y":2,"importance":257,"heatmapImp":257},{"x":29,"y":3,"importance":257,"heatmapImp":257},{"x":29,"y":4,"importance":257,"heatmapImp":257},{"x":29,"y":5,"importance":257,"heatmapImp":257},{"x":29,"y":6,"importance":257,"heatmapImp":257},{"x":29,"y":7,"importance":257,"heatmapImp":257},{"x":29,"y":8,"importance":257,"heatmapImp":257},{"x":30,"y":2,"importance":257,"heatmapImp":257},{"x":30,"y":3,"importance":257,"heatmapImp":257},{"x":30,"y":4,"importance":257,"heatmapImp":257},{"x":30,"y":5,"importance":257,"heatmapImp":257},{"x":30,"y":6,"importance":257,"heatmapImp":257},{"x":30,"y":7,"importance":257,"heatmapImp":257},{"x":30,"y":8,"importance":257,"heatmapImp":257},{"x":12,"y":22,"importance":257,"rateImp":2},{"x":2,"y":2,"importance":257,"heatmapImp":257},{"x":2,"y":3,"importance":257,"heatmapImp":257},{"x":2,"y":4,"importance":257,"heatmapImp":257},{"x":2,"y":5,"importance":257,"heatmapImp":257},{"x":2,"y":6,"importance":257,"heatmapImp":257},{"x":2,"y":7,"importance":257,"heatmapImp":257},{"x":2,"y":8,"importance":257,"heatmapImp":257},{"x":2,"y":24,"importance":257,"heatmapImp":257},{"x":2,"y":25,"importance":257,"heatmapImp":257},{"x":2,"y":26,"importance":257,"heatmapImp":257},{"x":2,"y":27,"importance":257,"heatmapImp":257},{"x":2,"y":28,"importance":257,"heatmapImp":257},{"x":2,"y":29,"importance":257,"heatmapImp":257},{"x":2,"y":30,"importance":257,"heatmapImp":257},{"x":3,"y":2,"importance":257,"heatmapImp":257},{"x":3,"y":3,"importance":257,"heatmapImp":257},{"x":3,"y":4,"importance":257,"heatmapImp":257},{"x":3,"y":5,"importance":257,"heatmapImp":257},{"x":3,"y":6,"importance":257,"heatmapImp":257},{"x":3,"y":7,"importance":257,"heatmapImp":257},{"x":3,"y":8,"importance":257,"heatmapImp":257},{"x":3,"y":24,"importance":257,"heatmapImp":257},{"x":3,"y":25,"importance":257,"heatmapImp":257},{"x":3,"y":26,"importance":257,"heatmapImp":257},{"x":3,"y":27,"importance":257,"heatmapImp":257},{"x":3,"y":28,"importance":257,"heatmapImp":257},{"x":3,"y":29,"importance":257,"heatmapImp":257},{"x":3,"y":30,"importance":257,"heatmapImp":257},{"x":4,"y":2,"importance":257,"heatmapImp":257},{"x":4,"y":3,"importance":257,"heatmapImp":257},{"x":4,"y":4,"importance":257,"heatmapImp":257},{"x":4,"y":5,"importance":257,"heatmapImp":257},{"x":4,"y":6,"importance":257,"heatmapImp":257},{"x":4,"y":7,"importance":257,"heatmapImp":257},{"x":4,"y":8,"importance":257,"heatmapImp":257},{"x":4,"y":24,"importance":257,"heatmapImp":257},{"x":4,"y":25,"importance":257,"heatmapImp":257},{"x":4,"y":26,"importance":257,"heatmapImp":257},{"x":4,"y":27,"importance":257,"heatmapImp":257},{"x":4,"y":28,"importance":257,"heatmapImp":257},{"x":4,"y":29,"importance":257,"heatmapImp":257},{"x":4,"y":30,"importance":257,"heatmapImp":257},{"x":5,"y":2,"importance":257,"heatmapImp":257},{"x":5,"y":3,"importance":257,"heatmapImp":257},{"x":5,"y":4,"importance":257,"heatmapImp":257},{"x":5,"y":5,"importance":257,"heatmapImp":257},{"x":5,"y":6,"importance":257,"heatmapImp":257},{"x":5,"y":7,"importance":257,"heatmapImp":257},{"x":5,"y":8,"importance":257,"heatmapImp":257},{"x":5,"y":24,"importance":257,"heatmapImp":257},{"x":5,"y":25,"importance":257,"heatmapImp":257},{"x":5,"y":26,"importance":257,"heatmapImp":257},{"x":5,"y":27,"importance":257,"heatmapImp":257},{"x":5,"y":28,"importance":257,"heatmapImp":257},{"x":5,"y":29,"importance":257,"heatmapImp":257},{"x":5,"y":30,"importance":257,"heatmapImp":257},{"x":6,"y":2,"importance":257,"heatmapImp":257},{"x":6,"y":3,"importance":257,"heatmapImp":257},{"x":6,"y":4,"importance":257,"heatmapImp":257},{"x":6,"y":5,"importance":257,"heatmapImp":257},{"x":6,"y":6,"importance":257,"heatmapImp":257},{"x":6,"y":7,"importance":257,"heatmapImp":257},{"x":6,"y":8,"importance":257,"heatmapImp":257},{"x":6,"y":24,"importance":257,"heatmapImp":257},{"x":6,"y":25,"importance":257,"heatmapImp":257},{"x":6,"y":26,"importance":257,"heatmapImp":257},{"x":6,"y":27,"importance":257,"heatmapImp":257},{"x":6,"y":28,"importance":257,"heatmapImp":257},{"x":6,"y":29,"importance":257,"heatmapImp":257},{"x":6,"y":30,"importance":257,"heatmapImp":257},{"x":7,"y":2,"importance":257,"heatmapImp":257},{"x":7,"y":3,"importance":257,"heatmapImp":257},{"x":7,"y":4,"importance":257,"heatmapImp":257},{"x":7,"y":5,"importance":257,"heatmapImp":257},{"x":7,"y":6,"importance":257,"heatmapImp":257},{"x":7,"y":7,"importance":257,"heatmapImp":257},{"x":7,"y":8,"importance":257,"heatmapImp":257},{"x":7,"y":24,"importance":257,"heatmapImp":257},{"x":7,"y":25,"importance":257,"heatmapImp":257},{"x":7,"y":26,"importance":257,"heatmapImp":257},{"x":7,"y":27,"importance":257,"heatmapImp":257},{"x":7,"y":28,"importance":257,"heatmapImp":257},{"x":7,"y":29,"importance":257,"heatmapImp":257},{"x":7,"y":30,"importance":257,"heatmapImp":257},{"x":8,"y":2,"importance":257,"heatmapImp":257},{"x":8,"y":3,"importance":257,"heatmapImp":257},{"x":8,"y":4,"importance":257,"heatmapImp":257},{"x":8,"y":5,"importance":257,"heatmapImp":257},{"x":8,"y":6,"importance":257,"heatmapImp":257},{"x":8,"y":7,"importance":257,"heatmapImp":257},{"x":8,"y":8,"importance":257,"heatmapImp":257},{"x":8,"y":24,"importance":257,"heatmapImp":257},{"x":8,"y":25,"importance":257,"heatmapImp":257},{"x":8,"y":26,"importance":257,"heatmapImp":257},{"x":8,"y":27,"importance":257,"heatmapImp":257},{"x":8,"y":28,"importance":257,"heatmapImp":257},{"x":8,"y":29,"importance":257,"heatmapImp":257},{"x":8,"y":30,"importance":257,"heatmapImp":257},{"x":22,"y":22,"importance":257,"heatmapImp":257},{"x":22,"y":23,"importance":257,"heatmapImp":257},{"x":22,"y":24,"importance":257,"heatmapImp":257},{"x":22,"y":25,"importance":257,"heatmapImp":257},{"x":22,"y":26,"importance":257,"heatmapImp":257},{"x":23,"y":22,"importance":257,"heatmapImp":257},{"x":23,"y":23,"importance":257,"heatmapImp":257},{"x":23,"y":24,"importance":257,"heatmapImp":257},{"x":23,"y":25,"importance":257,"heatmapImp":257},{"x":23,"y":26,"importance":257,"heatmapImp":257},{"x":24,"y":2,"importance":257,"heatmapImp":257},{"x":24,"y":3,"importance":257,"heatmapImp":257},{"x":24,"y":4,"importance":257,"heatmapImp":257},{"x":24,"y":5,"importance":257,"heatmapImp":257},{"x":24,"y":6,"importance":257,"heatmapImp":257},{"x":24,"y":7,"importance":257,"heatmapImp":257},{"x":24,"y":8,"importance":257,"heatmapImp":257},{"x":24,"y":22,"importance":257,"heatmapImp":257},{"x":24,"y":23,"importance":257,"heatmapImp":257},{"x":24,"y":24,"importance":257,"heatmapImp":257},{"x":24,"y":25,"importance":257,"heatmapImp":257},{"x":24,"y":26,"importance":257,"heatmapImp":257},{"x":25,"y":2,"importance":257,"heatmapImp":257},{"x":25,"y":3,"importance":257,"heatmapImp":257},{"x":25,"y":4,"importance":257,"heatmapImp":257},{"x":25,"y":5,"importance":257,"heatmapImp":257},{"x":25,"y":6,"importance":257,"heatmapImp":257},{"x":25,"y":7,"importance":257,"heatmapImp":257},{"x":25,"y":8,"importance":257,"heatmapImp":257},{"x":25,"y":22,"importance":257,"heatmapImp":257},{"x":25,"y":23,"importance":257,"heatmapImp":257},{"x":25,"y":24,"importance":257,"heatmapImp":257},{"x":25,"y":25,"importance":257,"heatmapImp":257},{"x":25,"y":26,"importance":257,"heatmapImp":257},{"x":26,"y":2,"importance":257,"heatmapImp":257},{"x":26,"y":3,"importance":257,"heatmapImp":257},{"x":26,"y":4,"importance":257,"heatmapImp":257},{"x":26,"y":5,"importance":257,"heatmapImp":257},{"x":26,"y":6,"importance":257,"heatmapImp":257},{"x":26,"y":7,"importance":257,"heatmapImp":257},{"x":26,"y":8,"importance":257,"heatmapImp":257},{"x":26,"y":22,"importance":257,"heatmapImp":257},{"x":26,"y":23,"importance":257,"heatmapImp":257},{"x":26,"y":24,"importance":257,"heatmapImp":257},{"x":26,"y":25,"importance":257,"heatmapImp":257},{"x":26,"y":26,"importance":257,"heatmapImp":257},{"x":27,"y":2,"importance":257,"heatmapImp":257},{"x":27,"y":3,"importance":257,"heatmapImp":257},{"x":27,"y":4,"importance":257,"heatmapImp":257},{"x":27,"y":5,"importance":257,"heatmapImp":257},{"x":27,"y":6,"importance":257,"heatmapImp":257},{"x":27,"y":7,"importance":257,"heatmapImp":257},{"x":27,"y":8,"importance":257,"heatmapImp":257},{"x":28,"y":2,"importance":257,"heatmapImp":257},{"x":28,"y":3,"importance":257,"heatmapImp":257},{"x":28,"y":4,"importance":257,"heatmapImp":257},{"x":28,"y":5,"importance":257,"heatmapImp":257},{"x":28,"y":6,"importance":257,"heatmapImp":257},{"x":28,"y":7,"importance":257,"heatmapImp":257},{"x":28,"y":8,"importance":257,"heatmapImp":257},{"x":29,"y":2,"importance":257,"heatmapImp":257},{"x":29,"y":3,"importance":257,"heatmapImp":257},{"x":29,"y":4,"importance":257,"heatmapImp":257},{"x":29,"y":5,"importance":257,"heatmapImp":257},{"x":29,"y":6,"importance":257,"heatmapImp":257},{"x":29,"y":7,"importance":257,"heatmapImp":257},{"x":29,"y":8,"importance":257,"heatmapImp":257},{"x":30,"y":2,"importance":257,"heatmapImp":257},{"x":30,"y":3,"importance":257,"heatmapImp":257},{"x":30,"y":4,"importance":257,"heatmapImp":257},{"x":30,"y":5,"importance":257,"heatmapImp":257},{"x":30,"y":6,"importance":257,"heatmapImp":257},{"x":30,"y":7,"importance":257,"heatmapImp":257},{"x":30,"y":8,"importance":257,"heatmapImp":257},{"x":13,"y":9,"importance":257,"rateImp":2},{"x":2,"y":2,"importance":257,"heatmapImp":257},{"x":2,"y":3,"importance":257,"heatmapImp":257},{"x":2,"y":4,"importance":257,"heatmapImp":257},{"x":2,"y":5,"importance":257,"heatmapImp":257},{"x":2,"y":6,"importance":257,"heatmapImp":257},{"x":2,"y":7,"importance":257,"heatmapImp":257},{"x":2,"y":8,"importance":257,"heatmapImp":257},{"x":2,"y":24,"importance":257,"heatmapImp":257},{"x":2,"y":25,"importance":257,"heatmapImp":257},{"x":2,"y":26,"importance":257,"heatmapImp":257},{"x":2,"y":27,"importance":257,"heatmapImp":257},{"x":2,"y":28,"importance":257,"heatmapImp":257},{"x":2,"y":29,"importance":257,"heatmapImp":257},{"x":2,"y":30,"importance":257,"heatmapImp":257},{"x":3,"y":2,"importance":257,"heatmapImp":257},{"x":3,"y":3,"importance":257,"heatmapImp":257},{"x":3,"y":4,"importance":257,"heatmapImp":257},{"x":3,"y":5,"importance":257,"heatmapImp":257},{"x":3,"y":6,"importance":257,"heatmapImp":257},{"x":3,"y":7,"importance":257,"heatmapImp":257},{"x":3,"y":8,"importance":257,"heatmapImp":257},{"x":3,"y":24,"importance":257,"heatmapImp":257},{"x":3,"y":25,"importance":257,"heatmapImp":257},{"x":3,"y":26,"importance":257,"heatmapImp":257},{"x":3,"y":27,"importance":257,"heatmapImp":257},{"x":3,"y":28,"importance":257,"heatmapImp":257},{"x":3,"y":29,"importance":257,"heatmapImp":257},{"x":3,"y":30,"importance":257,"heatmapImp":257},{"x":4,"y":2,"importance":257,"heatmapImp":257},{"x":4,"y":3,"importance":257,"heatmapImp":257},{"x":4,"y":4,"importance":257,"heatmapImp":257},{"x":4,"y":5,"importance":257,"heatmapImp":257},{"x":4,"y":6,"importance":257,"heatmapImp":257},{"x":4,"y":7,"importance":257,"heatmapImp":257},{"x":4,"y":8,"importance":257,"heatmapImp":257},{"x":4,"y":24,"importance":257,"heatmapImp":257},{"x":4,"y":25,"importance":257,"heatmapImp":257},{"x":4,"y":26,"importance":257,"heatmapImp":257},{"x":4,"y":27,"importance":257,"heatmapImp":257},{"x":4,"y":28,"importance":257,"heatmapImp":257},{"x":4,"y":29,"importance":257,"heatmapImp":257},{"x":4,"y":30,"importance":257,"heatmapImp":257},{"x":5,"y":2,"importance":257,"heatmapImp":257},{"x":5,"y":3,"importance":257,"heatmapImp":257},{"x":5,"y":4,"importance":257,"heatmapImp":257},{"x":5,"y":5,"importance":257,"heatmapImp":257},{"x":5,"y":6,"importance":257,"heatmapImp":257},{"x":5,"y":7,"importance":257,"heatmapImp":257},{"x":5,"y":8,"importance":257,"heatmapImp":257},{"x":5,"y":24,"importance":257,"heatmapImp":257},{"x":5,"y":25,"importance":257,"heatmapImp":257},{"x":5,"y":26,"importance":257,"heatmapImp":257},{"x":5,"y":27,"importance":257,"heatmapImp":257},{"x":5,"y":28,"importance":257,"heatmapImp":257},{"x":5,"y":29,"importance":257,"heatmapImp":257},{"x":5,"y":30,"importance":257,"heatmapImp":257},{"x":6,"y":2,"importance":257,"heatmapImp":257},{"x":6,"y":3,"importance":257,"heatmapImp":257},{"x":6,"y":4,"importance":257,"heatmapImp":257},{"x":6,"y":5,"importance":257,"heatmapImp":257},{"x":6,"y":6,"importance":257,"heatmapImp":257},{"x":6,"y":7,"importance":257,"heatmapImp":257},{"x":6,"y":8,"importance":257,"heatmapImp":257},{"x":6,"y":24,"importance":257,"heatmapImp":257},{"x":6,"y":25,"importance":257,"heatmapImp":257},{"x":6,"y":26,"importance":257,"heatmapImp":257},{"x":6,"y":27,"importance":257,"heatmapImp":257},{"x":6,"y":28,"importance":257,"heatmapImp":257},{"x":6,"y":29,"importance":257,"heatmapImp":257},{"x":6,"y":30,"importance":257,"heatmapImp":257},{"x":7,"y":2,"importance":257,"heatmapImp":257},{"x":7,"y":3,"importance":257,"heatmapImp":257},{"x":7,"y":4,"importance":257,"heatmapImp":257},{"x":7,"y":5,"importance":257,"heatmapImp":257},{"x":7,"y":6,"importance":257,"heatmapImp":257},{"x":7,"y":7,"importance":257,"heatmapImp":257},{"x":7,"y":8,"importance":257,"heatmapImp":257},{"x":7,"y":24,"importance":257,"heatmapImp":257},{"x":7,"y":25,"importance":257,"heatmapImp":257},{"x":7,"y":26,"importance":257,"heatmapImp":257},{"x":7,"y":27,"importance":257,"heatmapImp":257},{"x":7,"y":28,"importance":257,"heatmapImp":257},{"x":7,"y":29,"importance":257,"heatmapImp":257},{"x":7,"y":30,"importance":257,"heatmapImp":257},{"x":8,"y":2,"importance":257,"heatmapImp":257},{"x":8,"y":3,"importance":257,"heatmapImp":257},{"x":8,"y":4,"importance":257,"heatmapImp":257},{"x":8,"y":5,"importance":257,"heatmapImp":257},{"x":8,"y":6,"importance":257,"heatmapImp":257},{"x":8,"y":7,"importance":257,"heatmapImp":257},{"x":8,"y":8,"importance":257,"heatmapImp":257},{"x":8,"y":24,"importance":257,"heatmapImp":257},{"x":8,"y":25,"importance":257,"heatmapImp":257},{"x":8,"y":26,"importance":257,"heatmapImp":257},{"x":8,"y":27,"importance":257,"heatmapImp":257},{"x":8,"y":28,"importance":257,"heatmapImp":257},{"x":8,"y":29,"importance":257,"heatmapImp":257},{"x":8,"y":30,"importance":257,"heatmapImp":257},{"x":22,"y":22,"importance":257,"heatmapImp":257},{"x":22,"y":23,"importance":257,"heatmapImp":257},{"x":22,"y":24,"importance":257,"heatmapImp":257},{"x":22,"y":25,"importance":257,"heatmapImp":257},{"x":22,"y":26,"importance":257,"heatmapImp":257},{"x":23,"y":22,"importance":257,"heatmapImp":257},{"x":23,"y":23,"importance":257,"heatmapImp":257},{"x":23,"y":24,"importance":257,"heatmapImp":257},{"x":23,"y":25,"importance":257,"heatmapImp":257},{"x":23,"y":26,"importance":257,"heatmapImp":257},{"x":24,"y":2,"importance":257,"heatmapImp":257},{"x":24,"y":3,"importance":257,"heatmapImp":257},{"x":24,"y":4,"importance":257,"heatmapImp":257},{"x":24,"y":5,"importance":257,"heatmapImp":257},{"x":24,"y":6,"importance":257,"heatmapImp":257},{"x":24,"y":7,"importance":257,"heatmapImp":257},{"x":24,"y":8,"importance":257,"heatmapImp":257},{"x":24,"y":22,"importance":257,"heatmapImp":257},{"x":24,"y":23,"importance":257,"heatmapImp":257},{"x":24,"y":24,"importance":257,"heatmapImp":257},{"x":24,"y":25,"importance":257,"heatmapImp":257},{"x":24,"y":26,"importance":257,"heatmapImp":257},{"x":25,"y":2,"importance":257,"heatmapImp":257},{"x":25,"y":3,"importance":257,"heatmapImp":257},{"x":25,"y":4,"importance":257,"heatmapImp":257},{"x":25,"y":5,"importance":257,"heatmapImp":257},{"x":25,"y":6,"importance":257,"heatmapImp":257},{"x":25,"y":7,"importance":257,"heatmapImp":257},{"x":25,"y":8,"importance":257,"heatmapImp":257},{"x":25,"y":22,"importance":257,"heatmapImp":257},{"x":25,"y":23,"importance":257,"heatmapImp":257},{"x":25,"y":24,"importance":257,"heatmapImp":257},{"x":25,"y":25,"importance":257,"heatmapImp":257},{"x":25,"y":26,"importance":257,"heatmapImp":257},{"x":26,"y":2,"importance":257,"heatmapImp":257},{"x":26,"y":3,"importance":257,"heatmapImp":257},{"x":26,"y":4,"importance":257,"heatmapImp":257},{"x":26,"y":5,"importance":257,"heatmapImp":257},{"x":26,"y":6,"importance":257,"heatmapImp":257},{"x":26,"y":7,"importance":257,"heatmapImp":257},{"x":26,"y":8,"importance":257,"heatmapImp":257},{"x":26,"y":22,"importance":257,"heatmapImp":257},{"x":26,"y":23,"importance":257,"heatmapImp":257},{"x":26,"y":24,"importance":257,"heatmapImp":257},{"x":26,"y":25,"importance":257,"heatmapImp":257},{"x":26,"y":26,"importance":257,"heatmapImp":257},{"x":27,"y":2,"importance":257,"heatmapImp":257},{"x":27,"y":3,"importance":257,"heatmapImp":257},{"x":27,"y":4,"importance":257,"heatmapImp":257},{"x":27,"y":5,"importance":257,"heatmapImp":257},{"x":27,"y":6,"importance":257,"heatmapImp":257},{"x":27,"y":7,"importance":257,"heatmapImp":257},{"x":27,"y":8,"importance":257,"heatmapImp":257},{"x":28,"y":2,"importance":257,"heatmapImp":257},{"x":28,"y":3,"importance":257,"heatmapImp":257},{"x":28,"y":4,"importance":257,"heatmapImp":257},{"x":28,"y":5,"importance":257,"heatmapImp":257},{"x":28,"y":6,"importance":257,"heatmapImp":257},{"x":28,"y":7,"importance":257,"heatmapImp":257},{"x":28,"y":8,"importance":257,"heatmapImp":257},{"x":29,"y":2,"importance":257,"heatmapImp":257},{"x":29,"y":3,"importance":257,"heatmapImp":257},{"x":29,"y":4,"importance":257,"heatmapImp":257},{"x":29,"y":5,"importance":257,"heatmapImp":257},{"x":29,"y":6,"importance":257,"heatmapImp":257},{"x":29,"y":7,"importance":257,"heatmapImp":257},{"x":29,"y":8,"importance":257,"heatmapImp":257},{"x":30,"y":2,"importance":257,"heatmapImp":257},{"x":30,"y":3,"importance":257,"heatmapImp":257},{"x":30,"y":4,"importance":257,"heatmapImp":257},{"x":30,"y":5,"importance":257,"heatmapImp":257},{"x":30,"y":6,"importance":257,"heatmapImp":257},{"x":30,"y":7,"importance":257,"heatmapImp":257},{"x":30,"y":8,"importance":257,"heatmapImp":257},{"x":2,"y":2,"importance":257,"heatmapImp":257},{"x":2,"y":3,"importance":257,"heatmapImp":257},{"x":2,"y":4,"importance":257,"heatmapImp":257},{"x":2,"y":5,"importance":257,"heatmapImp":257},{"x":2,"y":6,"importance":257,"heatmapImp":257},{"x":2,"y":7,"importance":257,"heatmapImp":257},{"x":2,"y":8,"importance":257,"heatmapImp":257},{"x":2,"y":24,"importance":257,"heatmapImp":257},{"x":2,"y":25,"importance":257,"heatmapImp":257},{"x":2,"y":26,"importance":257,"heatmapImp":257},{"x":2,"y":27,"importance":257,"heatmapImp":257},{"x":2,"y":28,"importance":257,"heatmapImp":257},{"x":2,"y":29,"importance":257,"heatmapImp":257},{"x":2,"y":30,"importance":257,"heatmapImp":257},{"x":3,"y":2,"importance":257,"heatmapImp":257},{"x":3,"y":3,"importance":257,"heatmapImp":257},{"x":3,"y":4,"importance":257,"heatmapImp":257},{"x":3,"y":5,"importance":257,"heatmapImp":257},{"x":3,"y":6,"importance":257,"heatmapImp":257},{"x":3,"y":7,"importance":257,"heatmapImp":257},{"x":3,"y":8,"importance":257,"heatmapImp":257},{"x":3,"y":24,"importance":257,"heatmapImp":257},{"x":3,"y":25,"importance":257,"heatmapImp":257},{"x":3,"y":26,"importance":257,"heatmapImp":257},{"x":3,"y":27,"importance":257,"heatmapImp":257},{"x":3,"y":28,"importance":257,"heatmapImp":257},{"x":3,"y":29,"importance":257,"heatmapImp":257},{"x":3,"y":30,"importance":257,"heatmapImp":257},{"x":4,"y":2,"importance":257,"heatmapImp":257},{"x":4,"y":3,"importance":257,"heatmapImp":257},{"x":4,"y":4,"importance":257,"heatmapImp":257},{"x":4,"y":5,"importance":257,"heatmapImp":257},{"x":4,"y":6,"importance":257,"heatmapImp":257},{"x":4,"y":7,"importance":257,"heatmapImp":257},{"x":4,"y":8,"importance":257,"heatmapImp":257},{"x":4,"y":24,"importance":257,"heatmapImp":257},{"x":4,"y":25,"importance":257,"heatmapImp":257},{"x":4,"y":26,"importance":257,"heatmapImp":257},{"x":4,"y":27,"importance":257,"heatmapImp":257},{"x":4,"y":28,"importance":257,"heatmapImp":257},{"x":4,"y":29,"importance":257,"heatmapImp":257},{"x":4,"y":30,"importance":257,"heatmapImp":257},{"x":5,"y":2,"importance":257,"heatmapImp":257},{"x":5,"y":3,"importance":257,"heatmapImp":257},{"x":5,"y":4,"importance":257,"heatmapImp":257},{"x":5,"y":5,"importance":257,"heatmapImp":257},{"x":5,"y":6,"importance":257,"heatmapImp":257},{"x":5,"y":7,"importance":257,"heatmapImp":257},{"x":5,"y":8,"importance":257,"heatmapImp":257},{"x":5,"y":24,"importance":257,"heatmapImp":257},{"x":5,"y":25,"importance":257,"heatmapImp":257},{"x":5,"y":26,"importance":257,"heatmapImp":257},{"x":5,"y":27,"importance":257,"heatmapImp":257},{"x":5,"y":28,"importance":257,"heatmapImp":257},{"x":5,"y":29,"importance":257,"heatmapImp":257},{"x":5,"y":30,"importance":257,"heatmapImp":257},{"x":6,"y":2,"importance":257,"heatmapImp":257},{"x":6,"y":3,"importance":257,"heatmapImp":257},{"x":6,"y":4,"importance":257,"heatmapImp":257},{"x":6,"y":5,"importance":257,"heatmapImp":257},{"x":6,"y":6,"importance":257,"heatmapImp":257},{"x":6,"y":7,"importance":257,"heatmapImp":257},{"x":6,"y":8,"importance":257,"heatmapImp":257},{"x":6,"y":24,"importance":257,"heatmapImp":257},{"x":6,"y":25,"importance":257,"heatmapImp":257},{"x":6,"y":26,"importance":257,"heatmapImp":257},{"x":6,"y":27,"importance":257,"heatmapImp":257},{"x":6,"y":28,"importance":257,"heatmapImp":257},{"x":6,"y":29,"importance":257,"heatmapImp":257},{"x":6,"y":30,"importance":257,"heatmapImp":257},{"x":7,"y":2,"importance":257,"heatmapImp":257},{"x":7,"y":3,"importance":257,"heatmapImp":257},{"x":7,"y":4,"importance":257,"heatmapImp":257},{"x":7,"y":5,"importance":257,"heatmapImp":257},{"x":7,"y":6,"importance":257,"heatmapImp":257},{"x":7,"y":7,"importance":257,"heatmapImp":257},{"x":7,"y":8,"importance":257,"heatmapImp":257},{"x":7,"y":24,"importance":257,"heatmapImp":257},{"x":7,"y":25,"importance":257,"heatmapImp":257},{"x":7,"y":26,"importance":257,"heatmapImp":257},{"x":7,"y":27,"importance":257,"heatmapImp":257},{"x":7,"y":28,"importance":257,"heatmapImp":257},{"x":7,"y":29,"importance":257,"heatmapImp":257},{"x":7,"y":30,"importance":257,"heatmapImp":257},{"x":8,"y":2,"importance":257,"heatmapImp":257},{"x":8,"y":3,"importance":257,"heatmapImp":257},{"x":8,"y":4,"importance":257,"heatmapImp":257},{"x":8,"y":5,"importance":257,"heatmapImp":257},{"x":8,"y":6,"importance":257,"heatmapImp":257},{"x":8,"y":7,"importance":257,"heatmapImp":257},{"x":8,"y":8,"importance":257,"heatmapImp":257},{"x":8,"y":24,"importance":257,"heatmapImp":257},{"x":8,"y":25,"importance":257,"heatmapImp":257},{"x":8,"y":26,"importance":257,"heatmapImp":257},{"x":8,"y":27,"importance":257,"heatmapImp":257},{"x":8,"y":28,"importance":257,"heatmapImp":257},{"x":8,"y":29,"importance":257,"heatmapImp":257},{"x":8,"y":30,"importance":257,"heatmapImp":257},{"x":22,"y":22,"importance":257,"heatmapImp":257},{"x":22,"y":23,"importance":257,"heatmapImp":257},{"x":22,"y":24,"importance":257,"heatmapImp":257},{"x":22,"y":25,"importance":257,"heatmapImp":257},{"x":22,"y":26,"importance":257,"heatmapImp":257},{"x":23,"y":22,"importance":257,"heatmapImp":257},{"x":23,"y":23,"importance":257,"heatmapImp":257},{"x":23,"y":24,"importance":257,"heatmapImp":257},{"x":23,"y":25,"importance":257,"heatmapImp":257},{"x":23,"y":26,"importance":257,"heatmapImp":257},{"x":24,"y":2,"importance":257,"heatmapImp":257},{"x":24,"y":3,"importance":257,"heatmapImp":257},{"x":24,"y":4,"importance":257,"heatmapImp":257},{"x":24,"y":5,"importance":257,"heatmapImp":257},{"x":24,"y":6,"importance":257,"heatmapImp":257},{"x":24,"y":7,"importance":257,"heatmapImp":257},{"x":24,"y":8,"importance":257,"heatmapImp":257},{"x":24,"y":22,"importance":257,"heatmapImp":257},{"x":24,"y":23,"importance":257,"heatmapImp":257},{"x":24,"y":24,"importance":257,"heatmapImp":257},{"x":24,"y":25,"importance":257,"heatmapImp":257},{"x":24,"y":26,"importance":257,"heatmapImp":257},{"x":25,"y":2,"importance":257,"heatmapImp":257},{"x":25,"y":3,"importance":257,"heatmapImp":257},{"x":25,"y":4,"importance":257,"heatmapImp":257},{"x":25,"y":5,"importance":257,"heatmapImp":257},{"x":25,"y":6,"importance":257,"heatmapImp":257},{"x":25,"y":7,"importance":257,"heatmapImp":257},{"x":25,"y":8,"importance":257,"heatmapImp":257},{"x":25,"y":22,"importance":257,"heatmapImp":257},{"x":25,"y":23,"importance":257,"heatmapImp":257},{"x":25,"y":24,"importance":257,"heatmapImp":257},{"x":25,"y":25,"importance":257,"heatmapImp":257},{"x":25,"y":26,"importance":257,"heatmapImp":257},{"x":26,"y":2,"importance":257,"heatmapImp":257},{"x":26,"y":3,"importance":257,"heatmapImp":257},{"x":26,"y":4,"importance":257,"heatmapImp":257},{"x":26,"y":5,"importance":257,"heatmapImp":257},{"x":26,"y":6,"importance":257,"heatmapImp":257},{"x":26,"y":7,"importance":257,"heatmapImp":257},{"x":26,"y":8,"importance":257,"heatmapImp":257},{"x":26,"y":22,"importance":257,"heatmapImp":257},{"x":26,"y":23,"importance":257,"heatmapImp":257},{"x":26,"y":24,"importance":257,"heatmapImp":257},{"x":26,"y":25,"importance":257,"heatmapImp":257},{"x":26,"y":26,"importance":257,"heatmapImp":257},{"x":27,"y":2,"importance":257,"heatmapImp":257},{"x":27,"y":3,"importance":257,"heatmapImp":257},{"x":27,"y":4,"importance":257,"heatmapImp":257},{"x":27,"y":5,"importance":257,"heatmapImp":257},{"x":27,"y":6,"importance":257,"heatmapImp":257},{"x":27,"y":7,"importance":257,"heatmapImp":257},{"x":27,"y":8,"importance":257,"heatmapImp":257},{"x":28,"y":2,"importance":257,"heatmapImp":257},{"x":28,"y":3,"importance":257,"heatmapImp":257},{"x":28,"y":4,"importance":257,"heatmapImp":257},{"x":28,"y":5,"importance":257,"heatmapImp":257},{"x":28,"y":6,"importance":257,"heatmapImp":257},{"x":28,"y":7,"importance":257,"heatmapImp":257},{"x":28,"y":8,"importance":257,"heatmapImp":257},{"x":29,"y":2,"importance":257,"heatmapImp":257},{"x":29,"y":3,"importance":257,"heatmapImp":257},{"x":29,"y":4,"importance":257,"heatmapImp":257},{"x":29,"y":5,"importance":257,"heatmapImp":257},{"x":29,"y":6,"importance":257,"heatmapImp":257},{"x":29,"y":7,"importance":257,"heatmapImp":257},{"x":29,"y":8,"importance":257,"heatmapImp":257},{"x":30,"y":2,"importance":257,"heatmapImp":257},{"x":30,"y":3,"importance":257,"heatmapImp":257},{"x":30,"y":4,"importance":257,"heatmapImp":257},{"x":30,"y":5,"importance":257,"heatmapImp":257},{"x":30,"y":6,"importance":257,"heatmapImp":257},{"x":30,"y":7,"importance":257,"heatmapImp":257},{"x":30,"y":8,"importance":257,"heatmapImp":257},{"x":28,"y":8,"importance":256,"rateImp":1},{"x":27,"y":32,"importance":256,"rateImp":1},{"x":19,"y":32,"importance":256,"rateImp":1},{"x":0,"y":12,"importance":256,"rateImp":1},{"x":0,"y":7,"importance":256,"rateImp":1},{"x":0,"y":22,"importance":256,"rateImp":1},{"x":12,"y":16,"importance":256,"rateImp":1},{"x":13,"y":16,"importance":256,"rateImp":1},{"x":13,"y":17,"importance":256,"rateImp":1},{"x":13,"y":22,"importance":271,"rateImp":19},{"x":13,"y":24,"importance":270,"rateImp":18},{"x":13,"y":25,"importance":269,"rateImp":17},{"x":13,"y":28,"importance":268,"rateImp":16},{"x":13,"y":29,"importance":267,"rateImp":15},{"x":14,"y":3,"importance":266,"rateImp":14},{"x":14,"y":4,"importance":265,"rateImp":13},{"x":14,"y":5,"importance":264,"rateImp":12},{"x":14,"y":6,"importance":263,"rateImp":11},{"x":14,"y":8,"importance":262,"rateImp":10},{"x":14,"y":10,"importance":261,"rateImp":9},{"x":14,"y":13,"importance":260,"rateImp":8},{"x":14,"y":15,"importance":259,"rateImp":7},{"x":14,"y":16,"importance":258,"rateImp":6},{"x":14,"y":18,"importance":257,"rateImp":5},{"x":14,"y":21,"importance":256,"rateImp":4},{"x":14,"y":22,"importance":255,"rateImp":3},{"x":14,"y":23,"importance":254,"rateImp":2},{"x":14,"y":27,"importance":253,"rateImp":1}],"rates":[{"time":5961101,"x":14,"y":27,"changes":1,"rate":1.6775424539862686e-7,"importance":1},{"time":5959625,"x":14,"y":23,"changes":1,"rate":1.6779579252050256e-7,"importance":2},{"time":5959625,"x":14,"y":22,"changes":1,"rate":1.6779579252050256e-7,"importance":3},{"time":5959625,"x":14,"y":21,"changes":1,"rate":1.6779579252050256e-7,"importance":4},{"time":5959625,"x":14,"y":18,"changes":1,"rate":1.6779579252050256e-7,"importance":5},{"time":5959625,"x":14,"y":16,"changes":1,"rate":1.6779579252050256e-7,"importance":6},{"time":5959625,"x":14,"y":15,"changes":1,"rate":1.6779579252050256e-7,"importance":7},{"time":5959625,"x":14,"y":13,"changes":1,"rate":1.6779579252050256e-7,"importance":8},{"time":5959625,"x":14,"y":10,"changes":1,"rate":1.6779579252050256e-7,"importance":9},{"time":5959625,"x":14,"y":8,"changes":1,"rate":1.6779579252050256e-7,"importance":10},{"time":5959625,"x":14,"y":6,"changes":1,"rate":1.6779579252050256e-7,"importance":11},{"time":5959625,"x":14,"y":5,"changes":1,"rate":1.6779579252050256e-7,"importance":12},{"time":5959625,"x":14,"y":4,"changes":1,"rate":1.6779579252050256e-7,"importance":13},{"time":5959625,"x":14,"y":3,"changes":1,"rate":1.6779579252050256e-7,"importance":14},{"time":5959625,"x":13,"y":29,"changes":1,"rate":1.6779579252050256e-7,"importance":15},{"time":5959625,"x":13,"y":28,"changes":1,"rate":1.6779579252050256e-7,"importance":16},{"time":5959625,"x":13,"y":25,"changes":1,"rate":1.6779579252050256e-7,"importance":17},{"time":5959625,"x":13,"y":24,"changes":1,"rate":1.6779579252050256e-7,"importance":18},{"time":5959625,"x":13,"y":22,"changes":1,"rate":1.6779579252050256e-7,"importance":19}]}}